GEOIDFQ,NAME,GEOTYPE,YEAR,FUEL_TYPE,FACILITIES,CAPACITY
0500000US39041,Delaware County,COUNTY,2004,Wind,1,
0500000US39041,Delaware County,COUNTY,2006,Solar,2,
0500000US39041,Delaware County,COUNTY,2009,Solar,2,
0500000US39041,Delaware County,COUNTY,2009,Wind,1,
0500000US39041,Delaware County,COUNTY,2010,Solar,1,
0500000US39041,Delaware County,COUNTY,2010,Wind,1,
0500000US39041,Delaware County,COUNTY,2012,Solar,3,
0500000US39041,Delaware County,COUNTY,2013,Energy Storage,1,
0500000US39041,Delaware County,COUNTY,2013,Solar,10,
0500000US39041,Delaware County,COUNTY,2014,Solar,10,
0500000US39041,Delaware County,COUNTY,2015,Solar,13,
0500000US39041,Delaware County,COUNTY,2016,Solar,18,
0500000US39041,Delaware County,COUNTY,2017,Solar,28,
0500000US39041,Delaware County,COUNTY,2018,Solar,29,
0500000US39041,Delaware County,COUNTY,2019,Solar,61,
0500000US39041,Delaware County,COUNTY,2020,Energy Storage,2,
0500000US39041,Delaware County,COUNTY,2020,Solar,74,
0500000US39041,Delaware County,COUNTY,2021,Energy Storage,2,
0500000US39041,Delaware County,COUNTY,2021,Solar,117,
0500000US39041,Delaware County,COUNTY,2022,Energy Storage,4,
0500000US39041,Delaware County,COUNTY,2022,Solar,146,
0500000US39041,Delaware County,COUNTY,2023,Energy Storage,10,
0500000US39041,Delaware County,COUNTY,2023,Solar,251,
0500000US39041,Delaware County,COUNTY,2024,Energy Storage,6,
0500000US39041,Delaware County,COUNTY,2024,Solar,181,
0500000US39045,Fairfield County,COUNTY,2010,Solar,3,
0500000US39045,Fairfield County,COUNTY,2011,Solar,2,
0500000US39045,Fairfield County,COUNTY,2012,Solar,2,
0500000US39045,Fairfield County,COUNTY,2012,Wind,1,
0500000US39045,Fairfield County,COUNTY,2013,Solar,4,
0500000US39045,Fairfield County,COUNTY,2015,Solar,2,
0500000US39045,Fairfield County,COUNTY,2016,Solar,3,
0500000US39045,Fairfield County,COUNTY,2017,Solar,2,
0500000US39045,Fairfield County,COUNTY,2018,Solar,6,
0500000US39045,Fairfield County,COUNTY,2019,Solar,20,
0500000US39045,Fairfield County,COUNTY,2020,Solar,21,
0500000US39045,Fairfield County,COUNTY,2021,Solar,32,
0500000US39045,Fairfield County,COUNTY,2022,Energy Storage,1,
0500000US39045,Fairfield County,COUNTY,2022,Solar,50,
0500000US39045,Fairfield County,COUNTY,2023,Energy Storage,2,
0500000US39045,Fairfield County,COUNTY,2023,Solar,53,
0500000US39045,Fairfield County,COUNTY,2024,Energy Storage,1,
0500000US39045,Fairfield County,COUNTY,2024,Solar,67,
0500000US39047,Fayette County,COUNTY,2009,Solar,7,
0500000US39047,Fayette County,COUNTY,2010,Solar,1,
0500000US39047,Fayette County,COUNTY,2011,Solar,3,
0500000US39047,Fayette County,COUNTY,2012,Solar,3,
0500000US39047,Fayette County,COUNTY,2014,Solar,2,
0500000US39047,Fayette County,COUNTY,2015,Solar,4,
0500000US39047,Fayette County,COUNTY,2016,Solar,1,
0500000US39047,Fayette County,COUNTY,2018,Solar,2,
0500000US39047,Fayette County,COUNTY,2019,Solar,10,
0500000US39047,Fayette County,COUNTY,2020,Solar,7,
0500000US39047,Fayette County,COUNTY,2021,Solar,11,
0500000US39047,Fayette County,COUNTY,2022,Solar,15,
0500000US39047,Fayette County,COUNTY,2023,Solar,9,
0500000US39047,Fayette County,COUNTY,2024,Solar,13,
0500000US39049,Franklin County,COUNTY,2000,Wind,1,
0500000US39049,Franklin County,COUNTY,2001,Wind,1,
0500000US39049,Franklin County,COUNTY,2006,Solar,2,
M100000US3931402,Granville,COUNTY,2014,Solar,,16.0
M100000US3931402,Granville,COUNTY,2015,Solar,,17.9
M100000US3931402,Granville,COUNTY,2016,Solar,,3.8
M100000US3931402,Granville,COUNTY,2017,Solar,,1998.4
M100000US3931402,Granville,COUNTY,2018,Solar,,24.1
M100000US3931402,Granville,COUNTY,2019,Solar,,22.5
M100000US3931402,Granville,COUNTY,2020,Solar,,87.4
M100000US3931402,Granville,COUNTY,2021,Solar,,8.12
M100000US3931402,Granville,COUNTY,2022,Solar,,13.399999999999999
M100000US3931402,Granville,COUNTY,2023,Solar,,28.33
M100000US3931402,Granville,COUNTY,2024,Energy Storage,,10.0
M100000US3931402,Granville,COUNTY,2024,Solar,,16.304
M100000US3931948,Green Camp,COUNTY,2021,Solar,,5.61
M100000US3932592,Grove City,COUNTY,2010,Solar,,0.4
M100000US3932592,Grove City,COUNTY,2011,Solar,,45.0
M100000US3932592,Grove City,COUNTY,2012,Solar,,1.1
M100000US3932592,Grove City,COUNTY,2015,Solar,,10.0
M100000US3932592,Grove City,COUNTY,2016,Solar,,2.9
M100000US3932592,Grove City,COUNTY,2017,Solar,,20.6
M100000US3932592,Grove City,COUNTY,2018,Solar,,15.2
M100000US3932592,Grove City,COUNTY,2019,Solar,,50.9
M100000US3932592,Grove City,COUNTY,2020,Solar,,87.4
M100000US3932592,Grove City,COUNTY,2021,Solar,,209.37
M100000US3932592,Grove City,COUNTY,2022,Solar,,220.66
M100000US3932592,Grove City,COUNTY,2023,Energy Storage,,8.84
M100000US3932592,Grove City,COUNTY,2023,Natural Gas/Propane,,3624.0
M100000US3932592,Grove City,COUNTY,2023,Solar,,470.135
M100000US3932592,Grove City,COUNTY,2024,Solar,,532.209
M100000US3932606,Groveport,COUNTY,2000,Wind,,10.0
M100000US3932606,Groveport,COUNTY,2008,Solar,,1.3
M100000US3932606,Groveport,COUNTY,2014,Solar,,5.8
M100000US3932606,Groveport,COUNTY,2019,Solar,,23.4
M100000US3932606,Groveport,COUNTY,2020,Solar,,4.8
M100000US3932606,Groveport,COUNTY,2021,Solar,,10.32
M100000US3932606,Groveport,COUNTY,2022,Solar,,39.64
M100000US3932606,Groveport,COUNTY,2023,Solar,,44.75
M100000US3932606,Groveport,COUNTY,2024,Solar,,76.685
M100000US3933292,Hanover,COUNTY,2018,Solar,,5.0
M100000US3933292,Hanover,COUNTY,2022,Solar,,7.6
M100000US3933292,Hanover,COUNTY,2023,Solar,,5.22
M100000US3933292,Hanover,COUNTY,2024,Solar,,10.559999999999999
M100000US3933740,Harrisburg,COUNTY,2023,Solar,,12.76
M100000US3934748,Heath,COUNTY,2008,Solar,,61.0
M100000US3934748,Heath,COUNTY,2016,Solar,,9.0
M100000US3934748,Heath,COUNTY,2018,Solar,,11.4
M100000US3934748,Heath,COUNTY,2019,Solar,,25.0
M100000US3934748,Heath,COUNTY,2020,Solar,,2.4
M100000US3934748,Heath,COUNTY,2021,Solar,,29.2
M100000US3934748,Heath,COUNTY,2022,Solar,,8.88
M100000US3934748,Heath,COUNTY,2023,Solar,,52.99
M100000US3934748,Heath,COUNTY,2024,Solar,,106.96
M100000US3934790,Hebron,COUNTY,2018,Solar,,3.0
M100000US3934790,Hebron,COUNTY,2019,Solar,,6.0
M100000US3934790,Hebron,COUNTY,2022,Solar,,7.6
M100000US3934790,Hebron,COUNTY,2023,Solar,,11.6
M100000US3934790,Hebron,COUNTY,2024,Solar,,7.83
M100000US3935476,Hilliard,COUNTY,2011,Solar,,59.4
M100000US3935476,Hilliard,COUNTY,2012,Solar,,1.9
M100000US3935476,Hilliard,COUNTY,2015,Solar,,6.5
M100000US3935476,Hilliard,COUNTY,2016,Solar,,22.6
M100000US3935476,Hilliard,COUNTY,2017,Solar,,23.5
M100000US3935476,Hilliard,COUNTY,2018,Solar,,3.1
M100000US3935476,Hilliard,COUNTY,2019,Solar,,58.2
M100000US3935476,Hilliard,COUNTY,2020,Solar,,108.4
M100000US3935476,Hilliard,COUNTY,2021,Solar,,201.32
M100000US3935476,Hilliard,COUNTY,2022,Energy Storage,,3.84
M100000US3935476,Hilliard,COUNTY,2022,Solar,,155.4
M100000US3935476,Hilliard,COUNTY,2023,Energy Storage,,11.52
M100000US3935476,Hilliard,COUNTY,2023,Solar,,409.87399999999997
M100000US3935476,Hilliard,COUNTY,2024,Energy Storage,,5.0
M100000US3935476,Hilliard,COUNTY,2024,Solar,,330.385
M100000US3938920,Jeffersonville,COUNTY,2023,Solar,,13.9
M100000US3938920,Jeffersonville,COUNTY,2024,Solar,,4.92
M100000US3939340,Johnstown,COUNTY,2019,Solar,,2.4
M100000US3939340,Johnstown,COUNTY,2021,Solar,,8.12
M100000US3939340,Johnstown,COUNTY,2022,Solar,,36.61
M100000US3939340,Johnstown,COUNTY,2023,Solar,,4.06
M100000US3939340,Johnstown,COUNTY,2024,Solar,,23.732
M100000US3940572,Kirkersville,COUNTY,2024,Solar,,2.9
M100000US3941902,La Rue,COUNTY,2023,Solar,,4.48
M100000US3941720,Lancaster,COUNTY,2010,Solar,,10.0
M100000US3941720,Lancaster,COUNTY,2011,Solar,,30.0
M100000US3941720,Lancaster,COUNTY,2013,Solar,,12.5
M100000US3941720,Lancaster,COUNTY,2016,Solar,,7.6
M100000US3941720,Lancaster,COUNTY,2017,Solar,,10.0
M100000US3941720,Lancaster,COUNTY,2018,Solar,,5.9
M100000US3941720,Lancaster,COUNTY,2019,Solar,,26.1
M100000US3941720,Lancaster,COUNTY,2020,Solar,,39.3
M100000US3941720,Lancaster,COUNTY,2021,Solar,,72.195
M100000US3941720,Lancaster,COUNTY,2022,Energy Storage,,3.84
M100000US3941720,Lancaster,COUNTY,2022,Solar,,126.25
M100000US3941720,Lancaster,COUNTY,2023,Energy Storage,,7.24
M100000US3941720,Lancaster,COUNTY,2023,Solar,,108.36
M100000US3941720,Lancaster,COUNTY,2024,Solar,,124.77499999999999
M100000US3944632,Logan,COUNTY,2010,Solar,,23.0
M100000US3944632,Logan,COUNTY,2010,Wind,,2.4
M100000US3944632,Logan,COUNTY,2014,Solar,,12.0
M100000US3944632,Logan,COUNTY,2018,Solar,,14.8
M100000US3944632,Logan,COUNTY,2019,Solar,,27.6
M100000US3944632,Logan,COUNTY,2020,Solar,,12.0
M100000US3944632,Logan,COUNTY,2021,Solar,,141.5
M100000US3944632,Logan,COUNTY,2023,Solar,,8.7
M100000US3944632,Logan,COUNTY,2024,Solar,,4.35
M100000US3944674,London,COUNTY,2011,Solar,,62.93
M100000US3944674,London,COUNTY,2012,Solar,,2044.4
M100000US3944674,London,COUNTY,2013,Solar,,60.0
M100000US3944674,London,COUNTY,2014,Solar,,5.0
M100000US3944674,London,COUNTY,2016,Solar,,5.0
M100000US3944674,London,COUNTY,2019,Solar,,5.0
M100000US3944674,London,COUNTY,2020,Solar,,7.6
M100000US3944674,London,COUNTY,2021,Solar,,4.08
M100000US3944674,London,COUNTY,2022,Energy Storage,,0.0
M100000US3944674,London,COUNTY,2022,Solar,,40.33
M100000US3944674,London,COUNTY,2023,Solar,,14.48
M100000US3944674,London,COUNTY,2024,Solar,,79.56
M100000US3947474,Marble Cliff,COUNTY,2018,Solar,,5.6
M100000US3947474,Marble Cliff,COUNTY,2020,Solar,,24.5
M100000US3947474,Marble Cliff,COUNTY,2022,Solar,,5.22
M100000US3947474,Marble Cliff,COUNTY,2023,Solar,,3.48
M100000US3947474,Marble Cliff,COUNTY,2024,Solar,,13.92
M100000US3947754,Marion,COUNTY,2016,Solar,,6.0
M100000US3947754,Marion,COUNTY,2019,Solar,,13.8
M100000US3947754,Marion,COUNTY,2020,Solar,,22.24
M100000US3947754,Marion,COUNTY,2021,Solar,,17.5
M100000US3947754,Marion,COUNTY,2022,Energy Storage,,0.0
M100000US3947754,Marion,COUNTY,2022,Solar,,67.86
M100000US3947754,Marion,COUNTY,2023,Solar,,19.3
M100000US3947754,Marion,COUNTY,2024,Solar,,57.7
M100000US3948160,Marysville,COUNTY,2019,Solar,,13.375
M100000US3948160,Marysville,COUNTY,2020,Solar,,46.5
M100000US3948160,Marysville,COUNTY,2021,Solar,,26.48
M100000US3948160,Marysville,COUNTY,2022,Solar,,100.92999999999999
M100000US3948160,Marysville,COUNTY,2023,Solar,,154.3
M100000US3948160,Marysville,COUNTY,2024,Solar,,82.97
M100000US3950218,Milford Center,COUNTY,2022,Solar,,13.14
M100000US3950400,Millersport,COUNTY,2022,Solar,,11.95
M100000US3950400,Millersport,COUNTY,2023,Solar,,14.64
M100000US3950862,Minerva Park,COUNTY,2019,Solar,,13.8
M100000US3950862,Minerva Park,COUNTY,2020,Solar,,18.8
M100000US3950862,Minerva Park,COUNTY,2021,Solar,,25.1
M100000US3950862,Minerva Park,COUNTY,2022,Solar,,50.81
M100000US3950862,Minerva Park,COUNTY,2023,Solar,,79.38
M100000US3950862,Minerva Park,COUNTY,2024,Solar,,52.14
M100000US3952738,Mount Gilead,COUNTY,2014,Solar,,500.0
M100000US3952738,Mount Gilead,COUNTY,2018,Solar,,7.6
M100000US3952738,Mount Gilead,COUNTY,2019,Solar,,6.72
M100000US3952738,Mount Gilead,COUNTY,2021,Solar,,5.92
M100000US3952738,Mount Gilead,COUNTY,2022,Solar,,8.44
M100000US3953046,Mount Sterling,COUNTY,2020,Solar,,3.6
M100000US3953046,Mount Sterling,COUNTY,2022,Solar,,7.6
M100000US3953046,Mount Sterling,COUNTY,2023,Solar,,4.35
M100000US3953046,Mount Sterling,COUNTY,2024,Solar,,58.9
M100000US3953102,Mount Vernon,COUNTY,2018,Solar,,7.6
M100000US3953102,Mount Vernon,COUNTY,2019,Solar,,13.4
M100000US3953102,Mount Vernon,COUNTY,2020,Solar,,25.7
M100000US3953102,Mount Vernon,COUNTY,2021,Solar,,19.36
M100000US3953102,Mount Vernon,COUNTY,2022,Solar,,61.92
M100000US3953102,Mount Vernon,COUNTY,2023,Energy Storage,,15.36
M100000US3953102,Mount Vernon,COUNTY,2023,Solar,,88.652
M100000US3953102,Mount Vernon,COUNTY,2024,Solar,,45.85
M100000US3953970,New Albany,COUNTY,2007,Solar,,18.65
M100000US3953970,New Albany,COUNTY,2012,Solar,,4.5
M100000US3953970,New Albany,COUNTY,2013,Solar,,100.0
M100000US3953970,New Albany,COUNTY,2015,Solar,,32.19
M100000US3953970,New Albany,COUNTY,2016,Solar,,7.6
M100000US3953970,New Albany,COUNTY,2018,Solar,,16.8
M100000US3953970,New Albany,COUNTY,2019,Solar,,17.6
M100000US3953970,New Albany,COUNTY,2020,Solar,,11.4
M100000US3953970,New Albany,COUNTY,2021,Energy Storage,,10.0
M100000US3953970,New Albany,COUNTY,2021,Solar,,119.6
M100000US3953970,New Albany,COUNTY,2022,Solar,,36.019999999999996
M100000US3953970,New Albany,COUNTY,2023,Energy Storage,,16.0
M100000US3953970,New Albany,COUNTY,2023,Solar,,96.32
M100000US3953970,New Albany,COUNTY,2024,Solar,,1275.664
M100000US3954726,New Holland,COUNTY,2020,Solar,,11.4
M100000US3954726,New Holland,COUNTY,2022,Solar,,12.399999999999999
M100000US3954866,New Lexington,COUNTY,2018,Solar,,27.6
M100000US3954866,New Lexington,COUNTY,2019,Solar,,5.0
M100000US3954866,New Lexington,COUNTY,2020,Solar,,5.0
M100000US3954866,New Lexington,COUNTY,2021,Solar,,7.6
M100000US3954866,New Lexington,COUNTY,2022,Solar,,3.48
M100000US3955552,New Straitsville,COUNTY,2020,Solar,,4.8
M100000US3954040,Newark,COUNTY,2013,Solar,,8.4
M100000US3954040,Newark,COUNTY,2015,Solar,,56.7
M100000US3954040,Newark,COUNTY,2016,Solar,,8.1
M100000US3954040,Newark,COUNTY,2017,Solar,,805.4000000000001
M100000US3954040,Newark,COUNTY,2018,Solar,,26.0
M100000US3954040,Newark,COUNTY,2019,Solar,,73.7
M100000US3954040,Newark,COUNTY,2020,Solar,,86.9
M100000US3954040,Newark,COUNTY,2021,Solar,,43.5
M100000US3954040,Newark,COUNTY,2022,Solar,,106.94
M100000US3954040,Newark,COUNTY,2023,Natural Gas/Propane,,1180.0
M100000US3954040,Newark,COUNTY,2023,Solar,,214.488
M100000US3954040,Newark,COUNTY,2024,Solar,,231.863
M100000US3957862,Obetz,COUNTY,2018,Solar,1,14.5
M100000US3957862,Obetz,COUNTY,2020,Solar,3,21.77
M100000US3957862,Obetz,COUNTY,2022,Solar,6,35.089999999999996
M100000US3957862,Obetz,COUNTY,2023,Energy Storage,3,19.8
M100000US3957862,Obetz,COUNTY,2023,Solar,17,120.02
M100000US3957862,Obetz,COUNTY,2024,Solar,41,273.29
M100000US3958940,Ostrander,COUNTY,2017,Solar,1,3.5
M100000US3958940,Ostrander,COUNTY,2020,Solar,1,7.6
M100000US3958940,Ostrander,COUNTY,2021,Solar,1,5.28
M100000US3958940,Ostrander,COUNTY,2023,Solar,1,5.2
M100000US3958940,Ostrander,COUNTY,2024,Solar,1,22.8
M100000US3961112,Pataskala,COUNTY,2014,Solar,1,4.0
M100000US3961112,Pataskala,COUNTY,2017,Solar,2,13.6
M100000US3961112,Pataskala,COUNTY,2018,Solar,2,6.7
M100000US3961112,Pataskala,COUNTY,2019,Solar,3,21.5
M100000US3961112,Pataskala,COUNTY,2020,Solar,4,27.5
M100000US3961112,Pataskala,COUNTY,2021,Solar,15,100.6
M100000US3961112,Pataskala,COUNTY,2022,Solar,16,96.65
M100000US3961112,Pataskala,COUNTY,2023,Energy Storage,1,3.85
M100000US3961112,Pataskala,COUNTY,2023,Solar,28,197.34099999999998
M100000US3961112,Pataskala,COUNTY,2024,Solar,29,200.94
M100000US3962498,Pickerington,COUNTY,2024,Energy Storage,1,442.0
M100000US3962498,Pickerington,COUNTY,2024,Solar,1,95.8
M100000US3963030,Plain City,COUNTY,2012,Solar,1,7.0
M100000US3963030,Plain City,COUNTY,2016,Solar,1,13.8
M100000US3963030,Plain City,COUNTY,2017,Solar,1,7.15
M100000US3963030,Plain City,COUNTY,2019,Solar,3,23.4
M100000US3963030,Plain City,COUNTY,2020,Solar,1,7.6
M100000US3963030,Plain City,COUNTY,2021,Solar,3,23.869999999999997
M100000US3963030,Plain City,COUNTY,2022,Energy Storage,1,0.0
M100000US3963030,Plain City,COUNTY,2022,Solar,3,22.78
M100000US3963030,Plain City,COUNTY,2023,Solar,7,38.91
M100000US3963030,Plain City,COUNTY,2024,Solar,7,47.16
M100000US3963716,Pleasantville,COUNTY,2018,Solar,1,3.5
M100000US3963716,Pleasantville,COUNTY,2023,Solar,1,8.12
M100000US3964486,Powell,COUNTY,2012,Solar,1,
M100000US3964486,Powell,COUNTY,2013,Solar,2,
M100000US3964486,Powell,COUNTY,2018,Solar,1,
M100000US3964486,Powell,COUNTY,2019,Solar,3,
M100000US3964486,Powell,COUNTY,2020,Solar,7,
M100000US3964486,Powell,COUNTY,2021,Solar,4,
M100000US3964486,Powell,COUNTY,2022,Solar,8,
M100000US3964486,Powell,COUNTY,2023,Energy Storage,3,
M100000US3964486,Powell,COUNTY,2023,Solar,15,
M100000US3964486,Powell,COUNTY,2024,Solar,9,
M100000US3965200,Quincy,COUNTY,2020,Solar,1,
M100000US3965200,Quincy,COUNTY,2022,Solar,2,
M100000US3965200,Quincy,COUNTY,2023,Solar,2,
M100000US3966390,Reynoldsburg,COUNTY,2010,Solar,1,
M100000US3966390,Reynoldsburg,COUNTY,2011,Solar,1,
M100000US3966390,Reynoldsburg,COUNTY,2014,Solar,1,
M100000US3966390,Reynoldsburg,COUNTY,2015,Solar,1,
M100000US3966390,Reynoldsburg,COUNTY,2016,Solar,1,
M100000US3966390,Reynoldsburg,COUNTY,2017,Solar,1,
M100000US3966390,Reynoldsburg,COUNTY,2018,Solar,1,
M100000US3966390,Reynoldsburg,COUNTY,2019,Solar,10,
M100000US3966390,Reynoldsburg,COUNTY,2020,Solar,20,
M100000US3966390,Reynoldsburg,COUNTY,2021,Energy Storage,1,
M100000US3966390,Reynoldsburg,COUNTY,2021,Solar,46,
M100000US3966390,Reynoldsburg,COUNTY,2022,Solar,36,
M100000US3966390,Reynoldsburg,COUNTY,2023,Energy Storage,1,
M100000US3966390,Reynoldsburg,COUNTY,2023,Solar,40,
M100000US3966390,Reynoldsburg,COUNTY,2024,Solar,64,
M100000US3966936,Richwood,COUNTY,2019,Solar,2,
M100000US3966936,Richwood,COUNTY,2021,Solar,1,
M100000US3966936,Richwood,COUNTY,2022,Energy Storage,1,
M100000US3966936,Richwood,COUNTY,2022,Solar,2,
M100000US3967440,Riverlea,COUNTY,2019,Solar,1,
M100000US3967440,Riverlea,COUNTY,2020,Solar,1,
M100000US3967440,Riverlea,COUNTY,2021,Solar,1,
M100000US3968560,Roseville,COUNTY,2019,Solar,1,
M100000US3968560,Roseville,COUNTY,2024,Solar,1,
M100000US3969176,Rushsylvania,COUNTY,2023,Solar,1,
M100000US3969204,Rushville,COUNTY,2021,Solar,1,
M100000US3971976,Shawnee Hills,COUNTY,2015,Solar,1,
M100000US3971976,Shawnee Hills,COUNTY,2024,Solar,1,
M100000US3972977,Somerset,COUNTY,2020,Solar,1,
M100000US3972977,Somerset,COUNTY,2022,Solar,2,
M100000US3973768,South Solon,COUNTY,2022,Solar,1,
M100000US3975252,Sugar Grove,COUNTY,2020,Solar,1,
M100000US3975602,Sunbury,COUNTY,2018,Solar,1,
M100000US3975602,Sunbury,COUNTY,2019,Solar,1,
M100000US3975602,Sunbury,COUNTY,2020,Solar,1,
M100000US3975602,Sunbury,COUNTY,2021,Solar,3,
M100000US3975602,Sunbury,COUNTY,2022,Solar,2,
M100000US3975602,Sunbury,COUNTY,2023,Solar,9,
M100000US3975602,Sunbury,COUNTY,2024,Solar,8,
M100000US3976680,Thornville,COUNTY,2020,Solar,2,
M100000US3976680,Thornville,COUNTY,2021,Solar,2,
M100000US3976680,Thornville,COUNTY,2022,Solar,1,
M100000US3978834,Unionville Center,COUNTY,2023,Solar,1,
M100000US3979002,Upper Arlington,COUNTY,2009,Solar,1,
M100000US3979002,Upper Arlington,COUNTY,2011,Solar,2,
M100000US3979002,Upper Arlington,COUNTY,2013,Solar,1,
M100000US3979002,Upper Arlington,COUNTY,2014,Solar,1,
M100000US3979002,Upper Arlington,COUNTY,2015,Solar,1,
M100000US3979002,Upper Arlington,COUNTY,2016,Solar,5,
M100000US3979002,Upper Arlington,COUNTY,2017,Solar,3,
M100000US3979002,Upper Arlington,COUNTY,2018,Solar,9,
M100000US3979002,Upper Arlington,COUNTY,2019,Solar,19,
M100000US3979002,Upper Arlington,COUNTY,2020,Solar,16,
M100000US3979002,Upper Arlington,COUNTY,2021,Solar,28,
M100000US3979002,Upper Arlington,COUNTY,2022,Energy Storage,2,
M100000US3979002,Upper Arlington,COUNTY,2022,Solar,30,
M100000US3979002,Upper Arlington,COUNTY,2023,Energy Storage,2,
M100000US3979002,Upper Arlington,COUNTY,2023,Solar,43,
M100000US3979002,Upper Arlington,COUNTY,2024,Energy Storage,4,
M100000US3979002,Upper Arlington,COUNTY,2024,Solar,42,
M100000US3979100,Urbancrest,COUNTY,2010,Solar,1,
M100000US3979100,Urbancrest,COUNTY,2019,Solar,1,
M100000US3979100,Urbancrest,COUNTY,2020,Solar,1,
M100000US3979100,Urbancrest,COUNTY,2022,Solar,1,
M100000US3979100,Urbancrest,COUNTY,2024,Solar,3,
M100000US3979114,Utica,COUNTY,2018,Solar,1,
M100000US3979114,Utica,COUNTY,2021,Solar,1,
M100000US3979114,Utica,COUNTY,2022,Solar,2,
M100000US3979114,Utica,COUNTY,2023,Energy Storage,1,
M100000US3979114,Utica,COUNTY,2023,Solar,2,
M100000US3979282,Valleyview,COUNTY,2019,Solar,1,
M100000US3979282,Valleyview,COUNTY,2021,Solar,1,
M100000US3979282,Valleyview,COUNTY,2024,Solar,2,
M100000US3980500,Waldo,COUNTY,2012,Solar,1,
M100000US3981718,Washington Court House,COUNTY,2009,Solar,7,
M100000US3981718,Washington Court House,COUNTY,2011,Solar,2,
M100000US3981718,Washington Court House,COUNTY,2012,Solar,1,
M100000US3981718,Washington Court House,COUNTY,2015,Solar,3,
M100000US3981718,Washington Court House,COUNTY,2018,Solar,2,
M100000US3981718,Washington Court House,COUNTY,2019,Solar,4,
M100000US3981718,Washington Court House,COUNTY,2020,Solar,1,
M100000US3981718,Washington Court House,COUNTY,2021,Solar,3,
M100000US3981718,Washington Court House,COUNTY,2022,Solar,4,
M100000US3981718,Washington Court House,COUNTY,2023,Solar,5,
M100000US3981718,Washington Court House,COUNTY,2024,Solar,8,
M100000US3983580,West Jefferson,COUNTY,2012,Solar,1,
M100000US3983580,West Jefferson,COUNTY,2013,Solar,1,
M100000US3983580,West Jefferson,COUNTY,2015,Solar,1,
M100000US3983580,West Jefferson,COUNTY,2020,Solar,2,
M100000US3983580,West Jefferson,COUNTY,2021,Solar,1,
M100000US3983580,West Jefferson,COUNTY,2022,Solar,2,
M100000US3983580,West Jefferson,COUNTY,2023,Solar,3,
M100000US3983580,West Jefferson,COUNTY,2024,Solar,6,
M100000US3983734,West Liberty,COUNTY,2019,Solar,1,
M100000US3983734,West Liberty,COUNTY,2021,Solar,1,
M100000US3983734,West Liberty,COUNTY,2023,Solar,1,
M100000US3983818,West Mansfield,COUNTY,2019,Solar,1,
M100000US3983818,West Mansfield,COUNTY,2021,Solar,1,
M100000US3983818,West Mansfield,COUNTY,2023,Solar,2,
M100000US3984742,Whitehall,COUNTY,2011,Solar,1,
M100000US3984742,Whitehall,COUNTY,2014,Solar,1,
M100000US3984742,Whitehall,COUNTY,2016,Solar,1,
M100000US3984742,Whitehall,COUNTY,2018,Solar,3,
M100000US3984742,Whitehall,COUNTY,2020,Solar,4,
M100000US3984742,Whitehall,COUNTY,2021,Solar,8,
M100000US3984742,Whitehall,COUNTY,2022,Solar,14,
M100000US3984742,Whitehall,COUNTY,2023,Energy Storage,1,
M100000US3984742,Whitehall,COUNTY,2023,Solar,15,
M100000US3984742,Whitehall,COUNTY,2024,Solar,27,
M100000US3986604,Worthington,COUNTY,2010,Solar,5,
M100000US3986604,Worthington,COUNTY,2012,Solar,1,
M100000US3986604,Worthington,COUNTY,2013,Solar,1,
M100000US3986604,Worthington,COUNTY,2014,Solar,2,
M100000US3986604,Worthington,COUNTY,2015,Solar,2,
M100000US3986604,Worthington,COUNTY,2016,Solar,6,
M100000US3986604,Worthington,COUNTY,2017,Solar,12,
M100000US3986604,Worthington,COUNTY,2018,Solar,5,
M100000US3986604,Worthington,COUNTY,2019,Solar,8,
M100000US3986604,Worthington,COUNTY,2020,Solar,7,
M100000US3986604,Worthington,COUNTY,2021,Solar,16,
M100000US3986604,Worthington,COUNTY,2022,Solar,12,
M100000US3986604,Worthington,COUNTY,2023,Energy Storage,1,
M100000US3986604,Worthington,COUNTY,2023,Solar,15,
M100000US3986604,Worthington,COUNTY,2024,Solar,7,
M010000US001,15-County Region,JURIS,2000,Wind,1,
M010000US001,15-County Region,JURIS,2001,Wind,1,
M010000US001,15-County Region,JURIS,2004,Wind,1,
M010000US001,15-County Region,JURIS,2005,Solar,1,
M010000US001,15-County Region,JURIS,2005,Wind,2,
M010000US001,15-County Region,JURIS,2006,Solar,5,
M010000US001,15-County Region,JURIS,2007,Solar,4,
M010000US001,15-County Region,JURIS,2008,Solar,3,
M010000US001,15-County Region,JURIS,2008,Wind,1,
M010000US001,15-County Region,JURIS,2009,Solar,15,
M010000US001,15-County Region,JURIS,2009,Wind,4,
M010000US001,15-County Region,JURIS,2010,Solar,32,
M010000US001,15-County Region,JURIS,2010,Wind,9,
M010000US001,15-County Region,JURIS,2011,Solar,57,
M010000US001,15-County Region,JURIS,2011,Wind,1,
M010000US001,15-County Region,JURIS,2012,Solar,49,
M010000US001,15-County Region,JURIS,2012,Wind,1,
M010000US001,15-County Region,JURIS,2013,Biofuel,1,
M010000US001,15-County Region,JURIS,2013,Energy Storage,1,
M010000US001,15-County Region,JURIS,2013,Solar,75,
M010000US001,15-County Region,JURIS,2013,Wind,1,
M010000US001,15-County Region,JURIS,2014,Solar,59,
M010000US001,15-County Region,JURIS,2015,Natural Gas/Propane,1,
M010000US001,15-County Region,JURIS,2015,Solar,106,
M010000US001,15-County Region,JURIS,2016,Solar,118,
M010000US001,15-County Region,JURIS,2017,Energy Storage,1,
M010000US001,15-County Region,JURIS,2017,Solar,171,
M010000US001,15-County Region,JURIS,2017,Waste Gas,1,
M010000US001,15-County Region,JURIS,2018,Natural Gas/Propane,1,
M010000US001,15-County Region,JURIS,2018,Solar,240,
M010000US001,15-County Region,JURIS,2018,Wind,1,
M010000US001,15-County Region,JURIS,2019,Energy Storage,1,
M010000US001,15-County Region,JURIS,2019,Solar,553,
M010000US001,15-County Region,JURIS,2020,Energy Storage,6,
M010000US001,15-County Region,JURIS,2020,Solar,682,
M010000US001,15-County Region,JURIS,2021,Energy Storage,11,
M010000US001,15-County Region,JURIS,2021,Solar,1089,
M010000US001,15-County Region,JURIS,2022,Energy Storage,31,
M010000US001,15-County Region,JURIS,2022,Solar,1419,
M010000US001,15-County Region,JURIS,2023,Energy Storage,79,
M010000US001,15-County Region,JURIS,2023,Natural Gas/Propane,2,
M010000US001,15-County Region,JURIS,2023,Solar,1991,
M010000US001,15-County Region,JURIS,2024,Energy Storage,33,
M010000US001,15-County Region,JURIS,2024,Solar,2127,
M100000US3902582,Ashley,JURIS,2022,Solar,1,6.96
M100000US3903604,Bainbridge,JURIS,2021,Solar,1,7.6
M100000US3903604,Bainbridge,JURIS,2023,Solar,1,12.76
M100000US3903758,Baltimore,JURIS,2017,Solar,1,40.0
M100000US3903758,Baltimore,JURIS,2019,Solar,1,10.4
M100000US3903758,Baltimore,JURIS,2020,Solar,3,17.1
M100000US3903758,Baltimore,JURIS,2021,Solar,2,14.3
M100000US3903758,Baltimore,JURIS,2022,Solar,2,19.14
M100000US3903758,Baltimore,JURIS,2023,Solar,2,22.04
M100000US391270458499999,Bearfield Township (Perry),JURIS,2019,Solar,2,8.7
M100000US391270458499999,Bearfield Township (Perry),JURIS,2022,Solar,3,18.990000000000002
M100000US391270458499999,Bearfield Township (Perry),JURIS,2023,Solar,1,7.6
M100000US3905116,Belle Center,JURIS,2022,Solar,1,5.8
M100000US3905116,Belle Center,JURIS,2023,Solar,3,25.75
M100000US3905130,Bellefontaine,JURIS,2011,Solar,1,30.0
M100000US3905130,Bellefontaine,JURIS,2019,Solar,2,17.1
M100000US3905130,Bellefontaine,JURIS,2020,Solar,2,10.06
M100000US3905130,Bellefontaine,JURIS,2021,Solar,1,7.6
M100000US3905130,Bellefontaine,JURIS,2022,Solar,1,3.8
M100000US3905130,Bellefontaine,JURIS,2023,Solar,3,23.91
M100000US3905130,Bellefontaine,JURIS,2024,Solar,3,52.83
M100000US390890549499999,Bennington Township (Licking),JURIS,2017,Solar,1,6.0
M100000US390890549499999,Bennington Township (Licking),JURIS,2020,Solar,1,8.2
M100000US390890549499999,Bennington Township (Licking),JURIS,2024,Solar,1,17.6
M100000US391170550899999,Bennington Township (Morrow),JURIS,2020,Solar,1,10.0
M100000US391170550899999,Bennington Township (Morrow),JURIS,2023,Energy Storage,1,5.0
M100000US391170550899999,Bennington Township (Morrow),JURIS,2023,Solar,1,7.6
M100000US391170550899999,Bennington Township (Morrow),JURIS,2024,Solar,1,11.31
M100000US390730557899999,Benton Township (Hocking),JURIS,2016,Solar,1,10.0
M100000US390410577499999,Berkshire Township (Delaware),JURIS,2014,Solar,1,5.0
M100000US390410577499999,Berkshire Township (Delaware),JURIS,2018,Solar,1,11.0
M100000US390410577499999,Berkshire Township (Delaware),JURIS,2019,Solar,3,39.199999999999996
M100000US390410577499999,Berkshire Township (Delaware),JURIS,2020,Solar,3,29.5
M100000US390410577499999,Berkshire Township (Delaware),JURIS,2021,Solar,2,20.880000000000003
M100000US390410577499999,Berkshire Township (Delaware),JURIS,2022,Solar,4,37.93
M100000US390410577499999,Berkshire Township (Delaware),JURIS,2023,Solar,8,64.38
M100000US390410577499999,Berkshire Township (Delaware),JURIS,2024,Energy Storage,1,6.0
M100000US390410577499999,Berkshire Township (Delaware),JURIS,2024,Solar,4,34.4
M100000US390410578899999,Berlin Township (Delaware),JURIS,2009,Solar,2,14.850000000000001
M100000US390410578899999,Berlin Township (Delaware),JURIS,2013,Solar,1,6.8
M100000US390410578899999,Berlin Township (Delaware),JURIS,2015,Solar,1,29.7
M100000US390410578899999,Berlin Township (Delaware),JURIS,2016,Solar,1,7.6
M100000US390410578899999,Berlin Township (Delaware),JURIS,2018,Solar,1,3.0
M100000US390410578899999,Berlin Township (Delaware),JURIS,2019,Solar,2,20.299999999999997
M100000US390410578899999,Berlin Township (Delaware),JURIS,2020,Solar,6,52.5
M100000US390410578899999,Berlin Township (Delaware),JURIS,2021,Energy Storage,1,10.0
M100000US390410578899999,Berlin Township (Delaware),JURIS,2021,Solar,5,54.81
M100000US390410578899999,Berlin Township (Delaware),JURIS,2022,Solar,12,105.41
M100000US390410578899999,Berlin Township (Delaware),JURIS,2023,Energy Storage,1,10.0
M100000US390410578899999,Berlin Township (Delaware),JURIS,2023,Solar,11,100.07
M100000US390410578899999,Berlin Township (Delaware),JURIS,2024,Solar,9,107.344
M100000US390830584499999,Berlin Township (Knox),JURIS,2018,Solar,4,26.0
M100000US390830584499999,Berlin Township (Knox),JURIS,2019,Solar,2,47.400000000000006
M100000US390830584499999,Berlin Township (Knox),JURIS,2020,Solar,2,15.2
M100000US390830584499999,Berlin Township (Knox),JURIS,2021,Solar,1,17.6
M100000US390830584499999,Berlin Township (Knox),JURIS,2023,Solar,2,17.91
M100000US390830584499999,Berlin Township (Knox),JURIS,2024,Energy Storage,1,11.5
M100000US390830584499999,Berlin Township (Knox),JURIS,2024,Solar,2,24.83
M100000US390450595699999,Berne Township (Fairfield),JURIS,2010,Solar,1,5.4
M100000US390450595699999,Berne Township (Fairfield),JURIS,2011,Solar,1,8.7
M100000US390450595699999,Berne Township (Fairfield),JURIS,2013,Solar,1,15.4
M100000US390450595699999,Berne Township (Fairfield),JURIS,2016,Solar,1,6.0
M100000US390450595699999,Berne Township (Fairfield),JURIS,2019,Solar,5,39.199999999999996
M100000US390450595699999,Berne Township (Fairfield),JURIS,2020,Solar,5,31.5
M100000US390450595699999,Berne Township (Fairfield),JURIS,2021,Solar,1,7.6
M100000US390450595699999,Berne Township (Fairfield),JURIS,2022,Solar,1,4.64
M100000US390450595699999,Berne Township (Fairfield),JURIS,2023,Solar,2,16.240000000000002
M100000US390450595699999,Berne Township (Fairfield),JURIS,2024,Solar,2,9.89
M100000US3906278,Bexley,JURIS,2006,Solar,1,2.24
M100000US3906278,Bexley,JURIS,2010,Solar,1,11.0
M100000US3906278,Bexley,JURIS,2016,Solar,2,13.0
M100000US3906278,Bexley,JURIS,2017,Solar,1,7.6
M100000US3906278,Bexley,JURIS,2018,Solar,4,75.2
M100000US3906278,Bexley,JURIS,2019,Solar,3,12.2
M100000US3906278,Bexley,JURIS,2020,Energy Storage,1,5.0
M100000US3906278,Bexley,JURIS,2020,Solar,11,95.5
M100000US3906278,Bexley,JURIS,2021,Energy Storage,1,20.0
M100000US3906278,Bexley,JURIS,2021,Solar,14,99.07
M100000US3906278,Bexley,JURIS,2022,Energy Storage,2,10.0
M100000US3906278,Bexley,JURIS,2022,Solar,9,66.18
M100000US3906278,Bexley,JURIS,2023,Energy Storage,1,5.0
M100000US3906278,Bexley,JURIS,2023,Solar,9,55.480000000000004
M100000US3906278,Bexley,JURIS,2024,Solar,6,36.964999999999996
M100000US391010634899999,Big Island Township (Marion),JURIS,2017,Solar,1,3.6
M100000US391010634899999,Big Island Township (Marion),JURIS,2023,Solar,2,9.18
M100000US390490692299999,Blendon Township (Franklin),JURIS,2014,Solar,1,9.75
M100000US390490692299999,Blendon Township (Franklin),JURIS,2017,Solar,1,7.6
M100000US390490692299999,Blendon Township (Franklin),JURIS,2019,Solar,3,14.5
M100000US390490692299999,Blendon Township (Franklin),JURIS,2020,Solar,2,19.6
M100000US390490692299999,Blendon Township (Franklin),JURIS,2021,Solar,2,11.399999999999999
M100000US390490692299999,Blendon Township (Franklin),JURIS,2022,Solar,7,49.199999999999996
M100000US390490692299999,Blendon Township (Franklin),JURIS,2023,Solar,5,25.66
M100000US390490692299999,Blendon Township (Franklin),JURIS,2024,Solar,17,114.0
M100000US390910711899999,Bloomfield Township (Logan),JURIS,2023,Solar,1,9.125
M100000US3907188,Bloomingburg,JURIS,2021,Solar,1,13.63
M100000US3907188,Bloomingburg,JURIS,2022,Solar,1,6.09
M100000US390890794499999,Bowling Green Township (Licking),JURIS,2019,Solar,1,10.0
M100000US390890794499999,Bowling Green Township (Licking),JURIS,2023,Solar,1,15.2
M100000US391010795899999,Bowling Green Township (Marion),JURIS,2014,Solar,1,14.0
M100000US3908392,Bremen,JURIS,2020,Solar,2,7.0
M100000US3908392,Bremen,JURIS,2021,Solar,2,22.8
M100000US3908392,Bremen,JURIS,2022,Solar,1,11.02
M100000US3908392,Bremen,JURIS,2023,Solar,2,9.2
M100000US3908532,Brice,JURIS,2020,Solar,1,5.0
M100000US390410942899999,Brown Township (Delaware),JURIS,2013,Solar,1,9.0
M100000US390410942899999,Brown Township (Delaware),JURIS,2017,Solar,1,11.4
M100000US390410942899999,Brown Township (Delaware),JURIS,2018,Solar,2,11.0
M100000US390410942899999,Brown Township (Delaware),JURIS,2019,Solar,1,7.6
M100000US390410942899999,Brown Township (Delaware),JURIS,2020,Solar,1,10.0
M100000US390410942899999,Brown Township (Delaware),JURIS,2021,Solar,1,10.3
M100000US390410942899999,Brown Township (Delaware),JURIS,2022,Solar,1,9.99
M100000US390490944299999,Brown Township (Franklin),JURIS,2012,Solar,1,10.8
M100000US390490944299999,Brown Township (Franklin),JURIS,2013,Solar,1,7.5
M100000US390490944299999,Brown Township (Franklin),JURIS,2013,Wind,1,30.0
M100000US390490944299999,Brown Township (Franklin),JURIS,2015,Solar,2,11.7
M100000US390490944299999,Brown Township (Franklin),JURIS,2016,Solar,2,16.0
M100000US390490944299999,Brown Township (Franklin),JURIS,2017,Solar,1,5.0
M100000US390490944299999,Brown Township (Franklin),JURIS,2019,Solar,1,6.2
M100000US390490944299999,Brown Township (Franklin),JURIS,2020,Solar,4,36.04
M100000US390490944299999,Brown Township (Franklin),JURIS,2021,Solar,11,84.87
M100000US390490944299999,Brown Township (Franklin),JURIS,2022,Energy Storage,1,3.84
M100000US390490944299999,Brown Township (Franklin),JURIS,2022,Solar,3,34.99
M100000US390490944299999,Brown Township (Franklin),JURIS,2023,Solar,2,32.64
M100000US390490944299999,Brown Township (Franklin),JURIS,2024,Solar,5,66.15
M100000US390830947099999,Brown Township (Knox),JURIS,2023,Solar,2,33.379999999999995
M100000US390830947099999,Brown Township (Knox),JURIS,2024,Solar,2,80.8
M100000US3909890,Buckeye Lake,JURIS,2020,Solar,1,5.0
M100000US3909890,Buckeye Lake,JURIS,2023,Solar,1,3.77
M100000US3909890,Buckeye Lake,JURIS,2024,Solar,3,20.15
M100000US390891036699999,Burlington Township (Licking),JURIS,2011,Solar,1,16.1
M100000US390891036699999,Burlington Township (Licking),JURIS,2015,Solar,1,9.9
M100000US390891036699999,Burlington Township (Licking),JURIS,2018,Solar,1,5.0
M100000US390891036699999,Burlington Township (Licking),JURIS,2022,Solar,1,6.96
M100000US390971123499999,Canaan Township (Madison),JURIS,2012,Solar,1,8.64
M100000US390971123499999,Canaan Township (Madison),JURIS,2013,Solar,1,10.0
M100000US390971123499999,Canaan Township (Madison),JURIS,2016,Solar,2,73.4
M100000US390971123499999,Canaan Township (Madison),JURIS,2019,Solar,1,5.0
M100000US390971123499999,Canaan Township (Madison),JURIS,2020,Solar,5,72.44
M100000US390971123499999,Canaan Township (Madison),JURIS,2021,Solar,2,14.32
M100000US390971123499999,Canaan Township (Madison),JURIS,2022,Energy Storage,1,5.0
M100000US390971123499999,Canaan Township (Madison),JURIS,2022,Solar,2,31.4
M100000US390971123499999,Canaan Township (Madison),JURIS,2023,Energy Storage,1,7.6
M100000US390971123499999,Canaan Township (Madison),JURIS,2023,Solar,3,39.99
M100000US390971123499999,Canaan Township (Madison),JURIS,2024,Solar,2,9.57
M100000US391171124899999,Canaan Township (Morrow),JURIS,2016,Solar,1,7.0
M100000US391171124899999,Canaan Township (Morrow),JURIS,2022,Solar,1,5.51
M100000US3912084,Cardington,JURIS,2020,Solar,1,3.84
M100000US3912084,Cardington,JURIS,2022,Solar,3,21.55
M100000US3912084,Cardington,JURIS,2023,Solar,1,7.6
M100000US391171209899999,Cardington Township (Morrow),JURIS,2020,Solar,1,7.6
M100000US391171209899999,Cardington Township (Morrow),JURIS,2023,Solar,1,11.02
M100000US391171209899999,Cardington Township (Morrow),JURIS,2024,Solar,2,13.19
M100000US3913036,Centerburg,JURIS,2012,Solar,2,1400.0
M100000US3913036,Centerburg,JURIS,2019,Solar,1,7.6
M100000US3913036,Centerburg,JURIS,2020,Solar,1,6.2
M100000US3913036,Centerburg,JURIS,2023,Solar,2,10.309999999999999
M100000US391171403099999,Chester Township (Morrow),JURIS,2019,Solar,2,18.7
M100000US391171403099999,Chester Township (Morrow),JURIS,2021,Solar,1,24.48
M100000US3914184,Chillicothe,JURIS,2011,Solar,1,30.0
M100000US3914184,Chillicothe,JURIS,2013,Solar,1,7.3
M100000US3914184,Chillicothe,JURIS,2015,Solar,1,13.0
M100000US3914184,Chillicothe,JURIS,2019,Solar,3,13.6
M100000US3914184,Chillicothe,JURIS,2020,Solar,1,7.6
M100000US3914184,Chillicothe,JURIS,2021,Solar,5,30.5
M100000US3914184,Chillicothe,JURIS,2022,Energy Storage,1,7.68
M100000US3914184,Chillicothe,JURIS,2022,Solar,11,93.08
M100000US3914184,Chillicothe,JURIS,2023,Solar,2,20.16
M100000US3914184,Chillicothe,JURIS,2024,Solar,9,56.98
M100000US3915070,Circleville,JURIS,2018,Solar,1,7.6
M100000US3915070,Circleville,JURIS,2019,Solar,3,14.399999999999999
M100000US3915070,Circleville,JURIS,2020,Solar,1,3.8
M100000US3915070,Circleville,JURIS,2021,Energy Storage,1,3.84
M100000US3915070,Circleville,JURIS,2021,Solar,4,27.2
M100000US3915070,Circleville,JURIS,2022,Solar,2,27.25
M100000US3915070,Circleville,JURIS,2023,Solar,9,43.739999999999995
M100000US3915070,Circleville,JURIS,2024,Solar,6,72.196
M100000US391591511299999,Claibourne Township (Union),JURIS,2011,Solar,1,6.0
M100000US391591511299999,Claibourne Township (Union),JURIS,2018,Solar,1,3.0
M100000US391591511299999,Claibourne Township (Union),JURIS,2019,Solar,1,10.0
M100000US391591511299999,Claibourne Township (Union),JURIS,2020,Solar,1,6.0
M100000US391591511299999,Claibourne Township (Union),JURIS,2024,Solar,3,18.34
M100000US391011519699999,Claridon Township (Marion),JURIS,2018,Solar,1,10.0
M100000US391011519699999,Claridon Township (Marion),JURIS,2019,Solar,2,11.0
M100000US391011519699999,Claridon Township (Marion),JURIS,2022,Solar,1,4.06
M100000US391011519699999,Claridon Township (Marion),JURIS,2023,Solar,2,16.240000000000002
M100000US391011519699999,Claridon Township (Marion),JURIS,2024,Solar,1,5.0
M100000US390831550499999,Clay Township (Knox),JURIS,2013,Solar,1,5.2
M100000US390831550499999,Clay Township (Knox),JURIS,2020,Solar,1,7.6
M100000US391271565899999,Clayton Township (Perry),JURIS,2015,Solar,2,15.0
M100000US391271565899999,Clayton Township (Perry),JURIS,2019,Solar,1,10.0
M100000US391271565899999,Clayton Township (Perry),JURIS,2020,Solar,1,5.8
M100000US391271565899999,Clayton Township (Perry),JURIS,2021,Solar,1,7.6
M100000US391271565899999,Clayton Township (Perry),JURIS,2022,Solar,1,15.66
M100000US391271565899999,Clayton Township (Perry),JURIS,2023,Solar,2,14.559999999999999
M100000US391271565899999,Clayton Township (Perry),JURIS,2024,Solar,1,7.2
M100000US390491611299999,Clinton Township (Franklin),JURIS,2014,Solar,1,6.0
M100000US390491611299999,Clinton Township (Franklin),JURIS,2018,Solar,3,40.9
M100000US390491611299999,Clinton Township (Franklin),JURIS,2021,Solar,3,19.139999999999997
M100000US390491611299999,Clinton Township (Franklin),JURIS,2022,Solar,2,8.41
M100000US390491611299999,Clinton Township (Franklin),JURIS,2023,Solar,4,32.64
M100000US390491611299999,Clinton Township (Franklin),JURIS,2024,Energy Storage,2,19.2
M100000US390491611299999,Clinton Township (Franklin),JURIS,2024,Solar,4,27.806
M100000US390831614099999,Clinton Township (Knox),JURIS,2018,Solar,3,32.6
M100000US390831614099999,Clinton Township (Knox),JURIS,2019,Solar,1,15.2
M100000US390831614099999,Clinton Township (Knox),JURIS,2020,Solar,1,14.7
M100000US390831614099999,Clinton Township (Knox),JURIS,2021,Solar,2,17.11
M100000US390831614099999,Clinton Township (Knox),JURIS,2022,Solar,2,13.98
M100000US390831614099999,Clinton Township (Knox),JURIS,2023,Solar,4,42.92
M100000US390831614099999,Clinton Township (Knox),JURIS,2024,Energy Storage,1,3.84
M100000US390831614099999,Clinton Township (Knox),JURIS,2024,Solar,4,58.525999999999996
M100000US391271635099999,Coal Township (Perry),JURIS,2024,Solar,1,8.125
M100000US390831668699999,College Township (Knox),JURIS,2014,Solar,1,9.0
M100000US390831668699999,College Township (Knox),JURIS,2015,Solar,1,18.0
M100000US390831668699999,College Township (Knox),JURIS,2016,Solar,1,8.0
M100000US390831668699999,College Township (Knox),JURIS,2018,Solar,1,3.8
M100000US390831668699999,College Township (Knox),JURIS,2024,Solar,4,42.394999999999996
M100000US3918000,Columbus,JURIS,2006,Solar,1,2.1
M100000US3918000,Columbus,JURIS,2009,Solar,2,4.9
M100000US3918000,Columbus,JURIS,2010,Solar,9,252.35
M100000US3918000,Columbus,JURIS,2010,Wind,1,100.0
M100000US3918000,Columbus,JURIS,2011,Solar,19,910.32
M100000US3918000,Columbus,JURIS,2012,Solar,8,112.0
M100000US3918000,Columbus,JURIS,2013,Solar,30,1064.8
M100000US3918000,Columbus,JURIS,2014,Solar,11,564.567
M100000US3918000,Columbus,JURIS,2015,Solar,34,330.15
M100000US3918000,Columbus,JURIS,2016,Solar,29,791.385
M100000US3918000,Columbus,JURIS,2017,Energy Storage,1,100.0
M100000US3918000,Columbus,JURIS,2017,Solar,57,1390.43
M100000US3918000,Columbus,JURIS,2018,Solar,64,873.64
M100000US3918000,Columbus,JURIS,2019,Energy Storage,1,250.0
M100000US3918000,Columbus,JURIS,2019,Solar,148,12037.76
M100000US3918000,Columbus,JURIS,2020,Energy Storage,1,5.0
M100000US3918000,Columbus,JURIS,2020,Solar,231,1369.805
M100000US3918000,Columbus,JURIS,2021,Energy Storage,4,20.36
M100000US3918000,Columbus,JURIS,2021,Solar,423,3052.73
M100000US3918000,Columbus,JURIS,2022,Energy Storage,2,18.84
M100000US3918000,Columbus,JURIS,2022,Solar,587,3869.83
M100000US3918000,Columbus,JURIS,2023,Energy Storage,33,156.46
M100000US3918000,Columbus,JURIS,2023,Solar,849,11056.717999999999
M100000US3918000,Columbus,JURIS,2024,Energy Storage,8,43.4
M100000US3918000,Columbus,JURIS,2024,Solar,949,7887.057
M100000US3918070,Commercial Point,JURIS,2022,Solar,1,5.0
M100000US3918070,Commercial Point,JURIS,2023,Solar,4,27.549999999999997
M100000US3918070,Commercial Point,JURIS,2024,Solar,1,6.0
M100000US390411814099999,Concord Township (Delaware),JURIS,2014,Solar,2,13.3
M100000US390411814099999,Concord Township (Delaware),JURIS,2015,Solar,1,11.4
M100000US390411814099999,Concord Township (Delaware),JURIS,2016,Solar,1,3.0
M100000US390411814099999,Concord Township (Delaware),JURIS,2017,Solar,1,7.6
M100000US390411814099999,Concord Township (Delaware),JURIS,2018,Solar,3,24.5
M100000US390411814099999,Concord Township (Delaware),JURIS,2019,Solar,4,33.8
M100000US390411814099999,Concord Township (Delaware),JURIS,2020,Solar,2,17.700000000000003
M100000US390411814099999,Concord Township (Delaware),JURIS,2021,Solar,12,113.41
M100000US390411814099999,Concord Township (Delaware),JURIS,2022,Solar,12,137.24
M100000US390411814099999,Concord Township (Delaware),JURIS,2023,Solar,17,134.075
M100000US390411814099999,Concord Township (Delaware),JURIS,2024,Energy Storage,1,7.68
M100000US390411814099999,Concord Township (Delaware),JURIS,2024,Solar,16,145.06
M100000US390471815499999,Concord Township (Fayette),JURIS,2019,Solar,1,7.2
M100000US390471815499999,Concord Township (Fayette),JURIS,2020,Solar,2,14.879999999999999
M100000US390471815499999,Concord Township (Fayette),JURIS,2021,Solar,2,19.2
M100000US390471815499999,Concord Township (Fayette),JURIS,2022,Solar,1,6.84
M100000US391411823899999,Concord Township (Ross),JURIS,2018,Solar,1,21.0
M100000US391171829499999,Congress Township (Morrow),JURIS,2019,Solar,2,17.6
M100000US391171829499999,Congress Township (Morrow),JURIS,2020,Solar,1,3.2
M100000US391171829499999,Congress Township (Morrow),JURIS,2021,Solar,1,6.38
M100000US391171829499999,Congress Township (Morrow),JURIS,2022,Energy Storage,1,3.84
M100000US391171829499999,Congress Township (Morrow),JURIS,2022,Solar,1,10.15
M100000US3918770,Corning,JURIS,2022,Solar,1,6.08
M100000US3919456,Crooksville,JURIS,2024,Solar,1,2.32
M100000US3920114,Danville,JURIS,2011,Solar,1,1.7
M100000US3920114,Danville,JURIS,2019,Solar,1,2.4
M100000US3920114,Danville,JURIS,2020,Solar,2,11.5
M100000US3920114,Danville,JURIS,2023,Solar,2,9.92
M100000US390972014299999,Darby Township (Madison),JURIS,2010,Wind,1,12.0
M100000US390972014299999,Darby Township (Madison),JURIS,2021,Solar,1,10.0
M100000US390972014299999,Darby Township (Madison),JURIS,2022,Solar,1,4.93
M100000US391292015699999,Darby Township (Pickaway),JURIS,2019,Solar,1,15.2
M100000US391292015699999,Darby Township (Pickaway),JURIS,2020,Solar,1,6.0
M100000US391292015699999,Darby Township (Pickaway),JURIS,2022,Solar,1,20.16
M100000US391592017099999,Darby Township (Union),JURIS,2020,Solar,1,22.0
M100000US391592017099999,Darby Township (Union),JURIS,2021,Solar,1,10.44
M100000US391592017099999,Darby Township (Union),JURIS,2022,Solar,2,14.674
M100000US391592017099999,Darby Township (Union),JURIS,2023,Solar,2,17.64
M100000US3921378,De Graff,JURIS,2023,Solar,1,7.25
M100000US3921378,De Graff,JURIS,2024,Solar,1,0.29
M100000US390972115499999,Deer Creek Township (Madison),JURIS,2010,Solar,1,4.0
M100000US390972115499999,Deer Creek Township (Madison),JURIS,2011,Solar,1,21.4
M100000US390972115499999,Deer Creek Township (Madison),JURIS,2015,Solar,1,24.0
M100000US390972115499999,Deer Creek Township (Madison),JURIS,2016,Solar,1,8.2
M100000US390972115499999,Deer Creek Township (Madison),JURIS,2020,Solar,1,3.8
M100000US390972115499999,Deer Creek Township (Madison),JURIS,2023,Solar,1,5.22
M100000US3921434,Delaware,JURIS,2006,Solar,1,4.62
M100000US3921434,Delaware,JURIS,2010,Wind,1,15.0
M100000US3921434,Delaware,JURIS,2014,Solar,1,5.0
M100000US3921434,Delaware,JURIS,2015,Solar,2,16.0
M100000US3921434,Delaware,JURIS,2016,Solar,5,30.5
M100000US3921434,Delaware,JURIS,2017,Solar,11,62.3
M100000US3921434,Delaware,JURIS,2018,Solar,5,50.8
M100000US3921434,Delaware,JURIS,2019,Solar,11,48.3
M100000US3921434,Delaware,JURIS,2020,Solar,12,80.0
M100000US3921434,Delaware,JURIS,2021,Solar,20,134.381
M100000US3921434,Delaware,JURIS,2022,Solar,28,169.4
M100000US3921434,Delaware,JURIS,2023,Energy Storage,3,12.68
M100000US3921434,Delaware,JURIS,2023,Solar,88,612.105
M100000US3921434,Delaware,JURIS,2024,Energy Storage,2,1006.0
M100000US3921434,Delaware,JURIS,2024,Solar,78,1685.127
M100000US390412144899999,Delaware Township (Delaware),JURIS,2012,Solar,1,7.0
M100000US390412144899999,Delaware Township (Delaware),JURIS,2013,Solar,1,9.0
M100000US390412144899999,Delaware Township (Delaware),JURIS,2016,Solar,1,5.0
M100000US390412144899999,Delaware Township (Delaware),JURIS,2017,Solar,1,7.6
M100000US390412144899999,Delaware Township (Delaware),JURIS,2018,Solar,2,47.8
M100000US390412144899999,Delaware Township (Delaware),JURIS,2019,Solar,1,9.3
M100000US390412144899999,Delaware Township (Delaware),JURIS,2020,Solar,2,11.3
M100000US390412144899999,Delaware Township (Delaware),JURIS,2021,Solar,2,18.85
M100000US390412144899999,Delaware Township (Delaware),JURIS,2022,Solar,2,15.66
M100000US390412144899999,Delaware Township (Delaware),JURIS,2023,Solar,4,26.84
M100000US390412144899999,Delaware Township (Delaware),JURIS,2024,Solar,2,12.95
M100000US3922694,Dublin,JURIS,2007,Solar,1,5.0
M100000US3922694,Dublin,JURIS,2010,Solar,1,4.0
M100000US3922694,Dublin,JURIS,2012,Solar,1,6.5
M100000US3922694,Dublin,JURIS,2013,Solar,1,9.0
M100000US3922694,Dublin,JURIS,2015,Natural Gas/Propane,1,248.0
M100000US3922694,Dublin,JURIS,2015,Solar,2,22.37
M100000US3922694,Dublin,JURIS,2016,Solar,2,14.5
M100000US3922694,Dublin,JURIS,2017,Solar,2,27.1
M100000US3922694,Dublin,JURIS,2018,Solar,1,17.72
M100000US3922694,Dublin,JURIS,2019,Solar,8,131.6
M100000US3922694,Dublin,JURIS,2020,Solar,13,99.3
M100000US3922694,Dublin,JURIS,2021,Solar,20,185.335
M100000US3922694,Dublin,JURIS,2022,Energy Storage,1,3.84
M100000US3922694,Dublin,JURIS,2022,Solar,17,127.02
M100000US3922694,Dublin,JURIS,2023,Energy Storage,1,3.84
M100000US3922694,Dublin,JURIS,2023,Solar,33,256.14
M100000US3922694,Dublin,JURIS,2024,Energy Storage,2,19.2
M100000US3922694,Dublin,JURIS,2024,Solar,33,355.652
M100000US3924598,Edison,JURIS,2020,Solar,1,2.36
M100000US3924598,Edison,JURIS,2023,Solar,2,8.25
M100000US3924598,Edison,JURIS,2024,Solar,1,14.95
M100000US390892569099999,Etna Township (Licking),JURIS,2010,Solar,1,2.6
M100000US390892569099999,Etna Township (Licking),JURIS,2014,Solar,1,12.0
M100000US390892569099999,Etna Township (Licking),JURIS,2018,Solar,4,31.1
M100000US390892569099999,Etna Township (Licking),JURIS,2019,Solar,6,33.2
M100000US390892569099999,Etna Township (Licking),JURIS,2020,Solar,9,68.7
M100000US390892569099999,Etna Township (Licking),JURIS,2021,Solar,11,91.208
M100000US390892569099999,Etna Township (Licking),JURIS,2022,Solar,8,49.34
M100000US390892569099999,Etna Township (Licking),JURIS,2023,Energy Storage,3,22.240000000000002
M100000US390892569099999,Etna Township (Licking),JURIS,2023,Solar,18,180.44
M100000US390892569099999,Etna Township (Licking),JURIS,2024,Solar,14,108.31
M100000US390972606899999,Fairfield Township (Madison),JURIS,2008,Wind,1,1.8
M100000US390972606899999,Fairfield Township (Madison),JURIS,2013,Solar,1,27.0
M100000US390972606899999,Fairfield Township (Madison),JURIS,2017,Solar,1,7.0
M100000US390972606899999,Fairfield Township (Madison),JURIS,2018,Solar,1,2.7
M100000US390972606899999,Fairfield Township (Madison),JURIS,2019,Solar,1,3.8
M100000US390972606899999,Fairfield Township (Madison),JURIS,2020,Solar,1,3.2
M100000US390972606899999,Fairfield Township (Madison),JURIS,2021,Solar,1,9.57
M100000US390972606899999,Fairfield Township (Madison),JURIS,2022,Solar,1,6.96
M100000US390972606899999,Fairfield Township (Madison),JURIS,2023,Solar,2,25.0
M100000US390732648899999,Falls Township (Hocking),JURIS,2005,Solar,1,1.65
M100000US390732648899999,Falls Township (Hocking),JURIS,2005,Wind,1,5.0
M100000US390732648899999,Falls Township (Hocking),JURIS,2012,Solar,1,9.7
M100000US390732648899999,Falls Township (Hocking),JURIS,2013,Solar,2,17.6
M100000US390732648899999,Falls Township (Hocking),JURIS,2017,Solar,1,20.9
M100000US390732648899999,Falls Township (Hocking),JURIS,2018,Solar,1,7.6
M100000US390732648899999,Falls Township (Hocking),JURIS,2019,Solar,4,29.0
M100000US390732648899999,Falls Township (Hocking),JURIS,2020,Solar,2,22.299999999999997
M100000US390732648899999,Falls Township (Hocking),JURIS,2021,Solar,4,49.43
M100000US390732648899999,Falls Township (Hocking),JURIS,2022,Solar,2,23.32
M100000US390732648899999,Falls Township (Hocking),JURIS,2024,Solar,5,43.624
M100000US390492828099999,Franklin Township (Franklin),JURIS,2006,Solar,1,2.4
M100000US390492828099999,Franklin Township (Franklin),JURIS,2013,Solar,1,23.2
M100000US390492828099999,Franklin Township (Franklin),JURIS,2018,Solar,2,14.8
M100000US390492828099999,Franklin Township (Franklin),JURIS,2019,Solar,1,8.2
M100000US390492828099999,Franklin Township (Franklin),JURIS,2020,Solar,3,18.3
M100000US390492828099999,Franklin Township (Franklin),JURIS,2021,Solar,4,30.155
M100000US390492828099999,Franklin Township (Franklin),JURIS,2022,Energy Storage,1,4.8
M100000US390492828099999,Franklin Township (Franklin),JURIS,2022,Solar,6,41.73
M100000US390492828099999,Franklin Township (Franklin),JURIS,2023,Solar,5,27.76
M100000US390492828099999,Franklin Township (Franklin),JURIS,2024,Solar,7,40.53
M100000US390892833699999,Franklin Township (Licking),JURIS,2019,Solar,2,12.6
M100000US390892833699999,Franklin Township (Licking),JURIS,2020,Solar,1,4.2
M100000US390892833699999,Franklin Township (Licking),JURIS,2021,Solar,1,19.0
M100000US390892833699999,Franklin Township (Licking),JURIS,2022,Solar,1,7.6
M100000US391172837899999,Franklin Township (Morrow),JURIS,2014,Solar,1,11.4
M100000US391412842099999,Franklin Township (Ross),JURIS,2018,Solar,1,11.4
M100000US391412842099999,Franklin Township (Ross),JURIS,2019,Solar,1,3.0
M100000US391412842099999,Franklin Township (Ross),JURIS,2020,Solar,1,5.0
M100000US391412842099999,Franklin Township (Ross),JURIS,2021,Solar,1,7.6
M100000US391412842099999,Franklin Township (Ross),JURIS,2022,Solar,2,19.2
M100000US391412842099999,Franklin Township (Ross),JURIS,2024,Solar,1,8.41
M100000US3928658,Fredericktown,JURIS,2014,Solar,1,27.0
M100000US3928658,Fredericktown,JURIS,2016,Solar,1,12.0
M100000US3928658,Fredericktown,JURIS,2020,Solar,2,12.6
M100000US3928658,Fredericktown,JURIS,2023,Solar,1,5.8
M100000US3928658,Fredericktown,JURIS,2024,Solar,2,9.48
M100000US3929050,Fulton,JURIS,2024,Solar,1,7.54
M100000US3929106,Gahanna,JURIS,2010,Solar,1,8.0
M100000US3929106,Gahanna,JURIS,2012,Solar,4,1460.7
M100000US3929106,Gahanna,JURIS,2013,Solar,1,7.0
M100000US3929106,Gahanna,JURIS,2014,Solar,2,18.5
M100000US3929106,Gahanna,JURIS,2015,Solar,2,450.0
M100000US3929106,Gahanna,JURIS,2016,Solar,1,7.0
M100000US3929106,Gahanna,JURIS,2017,Solar,5,32.9
M100000US3929106,Gahanna,JURIS,2018,Solar,6,37.7
M100000US3929106,Gahanna,JURIS,2019,Solar,14,101.9
M100000US3929106,Gahanna,JURIS,2020,Solar,18,121.08
M100000US3929106,Gahanna,JURIS,2021,Solar,26,180.16
M100000US3929106,Gahanna,JURIS,2022,Energy Storage,2,13.84
M100000US3929106,Gahanna,JURIS,2022,Solar,40,272.13
M100000US3929106,Gahanna,JURIS,2023,Energy Storage,1,4.8
M100000US3929106,Gahanna,JURIS,2023,Solar,52,373.34999999999997
M100000US3929106,Gahanna,JURIS,2024,Solar,82,564.794
M100000US3929148,Galena,JURIS,2020,Solar,2,8.8
M100000US3929148,Galena,JURIS,2021,Solar,2,15.2
M100000US3929148,Galena,JURIS,2024,Solar,1,4.324
M100000US3929246,Gambier,JURIS,2015,Solar,1,1.9
M100000US3929246,Gambier,JURIS,2017,Solar,8,47.6
M100000US3929246,Gambier,JURIS,2018,Solar,1,5.0
M100000US3929246,Gambier,JURIS,2019,Solar,1,8.0
M100000US3929246,Gambier,JURIS,2020,Solar,1,3.8
M100000US3929246,Gambier,JURIS,2022,Solar,2,11.18
M100000US3929246,Gambier,JURIS,2023,Solar,1,5.76
M100000US3929288,Gann (Brinkhaven),JURIS,2021,Solar,1,7.6
M100000US3929288,Gann (Brinkhaven),JURIS,2023,Solar,1,8.64
M100000US390412969499999,Genoa Township (Delaware),JURIS,2013,Solar,2,14.2
M100000US390412969499999,Genoa Township (Delaware),JURIS,2015,Solar,1,10.0
M100000US390412969499999,Genoa Township (Delaware),JURIS,2016,Solar,3,28.0
M100000US390412969499999,Genoa Township (Delaware),JURIS,2017,Solar,1,20.0
M100000US390412969499999,Genoa Township (Delaware),JURIS,2018,Solar,2,24.200000000000003
M100000US390412969499999,Genoa Township (Delaware),JURIS,2019,Solar,5,114.7
M100000US390412969499999,Genoa Township (Delaware),JURIS,2020,Solar,5,38.6
M100000US390412969499999,Genoa Township (Delaware),JURIS,2021,Solar,10,71.50999999999999
M100000US390412969499999,Genoa Township (Delaware),JURIS,2022,Energy Storage,1,5.12
M100000US390412969499999,Genoa Township (Delaware),JURIS,2022,Solar,13,146.74
M100000US390412969499999,Genoa Township (Delaware),JURIS,2023,Solar,16,115.008
M100000US390412969499999,Genoa Township (Delaware),JURIS,2024,Energy Storage,2,30.0
M100000US390412969499999,Genoa Township (Delaware),JURIS,2024,Solar,9,69.877
M100000US391173012899999,Gilead Township (Morrow),JURIS,2015,Solar,1,9.6
M100000US391173012899999,Gilead Township (Morrow),JURIS,2016,Solar,1,8.6
M100000US391173012899999,Gilead Township (Morrow),JURIS,2017,Solar,2,7.6
M100000US391173012899999,Gilead Township (Morrow),JURIS,2019,Solar,2,26.0
M100000US391173012899999,Gilead Township (Morrow),JURIS,2020,Solar,3,26.16
M100000US391173012899999,Gilead Township (Morrow),JURIS,2021,Solar,1,11.89
M100000US391173012899999,Gilead Township (Morrow),JURIS,2022,Solar,1,7.6
M100000US3930436,Glenford,JURIS,2021,Solar,2,11.09
M100000US3930436,Glenford,JURIS,2022,Solar,1,15.0
M100000US390733084299999,Good Hope Township (Hocking),JURIS,2005,Wind,1,3.0
M100000US390733084299999,Good Hope Township (Hocking),JURIS,2019,Solar,2,25.3
M100000US390733084299999,Good Hope Township (Hocking),JURIS,2022,Solar,2,23.78
M100000US390733084299999,Good Hope Township (Hocking),JURIS,2023,Solar,1,24.36
M100000US391013119299999,Grand Prairie Township (Marion),JURIS,2016,Solar,1,8.2
M100000US391013119299999,Grand Prairie Township (Marion),JURIS,2019,Solar,1,10.0
M100000US391013119299999,Grand Prairie Township (Marion),JURIS,2022,Solar,1,7.6
M100000US391013119299999,Grand Prairie Township (Marion),JURIS,2023,Solar,2,17.8
M100000US3931304,Grandview Heights,JURIS,2010,Solar,1,2.8
M100000US3931304,Grandview Heights,JURIS,2016,Solar,1,6.0
M100000US3931304,Grandview Heights,JURIS,2017,Solar,3,21.9
M100000US3931304,Grandview Heights,JURIS,2019,Solar,4,28.0
M100000US3931304,Grandview Heights,JURIS,2020,Solar,6,24.2
M100000US3931304,Grandview Heights,JURIS,2021,Solar,6,48.06
M100000US3931304,Grandview Heights,JURIS,2022,Solar,9,62.33
M100000US3931304,Grandview Heights,JURIS,2023,Solar,6,40.58
M100000US3931304,Grandview Heights,JURIS,2024,Solar,5,37.983999999999995
M100000US3931402,Granville,JURIS,2009,Solar,1,3.6
M100000US3931402,Granville,JURIS,2010,Solar,1,6.4
M100000US3931402,Granville,JURIS,2012,Solar,2,10.370000000000001
M100000US3931402,Granville,JURIS,2013,Solar,2,10.2
M100000US3931402,Granville,JURIS,2014,Solar,2,
M100000US3931402,Granville,JURIS,2015,Solar,2,
M100000US3931402,Granville,JURIS,2016,Solar,1,
M100000US3931402,Granville,JURIS,2017,Solar,3,
M100000US3931402,Granville,JURIS,2018,Solar,3,
M100000US3931402,Granville,JURIS,2019,Solar,3,
M100000US3931402,Granville,JURIS,2020,Solar,8,
M100000US3931402,Granville,JURIS,2021,Solar,1,
M100000US3931402,Granville,JURIS,2022,Solar,2,
M100000US3931402,Granville,JURIS,2023,Solar,4,
M100000US3931402,Granville,JURIS,2024,Energy Storage,1,
M100000US3931402,Granville,JURIS,2024,Solar,3,
M100000US390893141699999,Granville Township (Licking),JURIS,2011,Solar,1,3.0
M100000US390893141699999,Granville Township (Licking),JURIS,2013,Solar,1,9.4
M100000US390893141699999,Granville Township (Licking),JURIS,2014,Solar,1,16.0
M100000US390893141699999,Granville Township (Licking),JURIS,2015,Solar,1,7.6
M100000US390893141699999,Granville Township (Licking),JURIS,2016,Solar,1,2.9
M100000US390893141699999,Granville Township (Licking),JURIS,2017,Solar,3,33.64
M100000US390893141699999,Granville Township (Licking),JURIS,2018,Solar,2,22.7
M100000US390893141699999,Granville Township (Licking),JURIS,2019,Solar,9,63.5
M100000US390893141699999,Granville Township (Licking),JURIS,2020,Solar,2,13.6
M100000US390893141699999,Granville Township (Licking),JURIS,2021,Solar,5,39.61
M100000US390893141699999,Granville Township (Licking),JURIS,2022,Solar,5,43.28
M100000US390893141699999,Granville Township (Licking),JURIS,2023,Solar,8,79.65
M100000US390893141699999,Granville Township (Licking),JURIS,2024,Solar,4,25.038
M100000US3931948,Green Camp,JURIS,2021,Solar,1,
M100000US391013196299999,Green Camp Township (Marion),JURIS,2018,Solar,1,6.5
M100000US391013196299999,Green Camp Township (Marion),JURIS,2019,Solar,1,6.0
M100000US391013196299999,Green Camp Township (Marion),JURIS,2020,Solar,1,3.8
M100000US391013196299999,Green Camp Township (Marion),JURIS,2023,Solar,1,15.2
M100000US390473172499999,Green Township (Fayette),JURIS,2022,Solar,1,3.77
M100000US390733178099999,Green Township (Hocking),JURIS,2018,Solar,1,3.7
M100000US390733178099999,Green Township (Hocking),JURIS,2019,Solar,5,41.0
M100000US390733178099999,Green Township (Hocking),JURIS,2020,Solar,1,7.2
M100000US390733178099999,Green Township (Hocking),JURIS,2021,Solar,2,20.799999999999997
M100000US390733178099999,Green Township (Hocking),JURIS,2024,Solar,1,11.5
M100000US391413182299999,Green Township (Ross),JURIS,2007,Solar,1,3.0
M100000US391413182299999,Green Township (Ross),JURIS,2015,Solar,1,5.0
M100000US391413182299999,Green Township (Ross),JURIS,2020,Solar,1,10.0
M100000US390453206099999,Greenfield Township (Fairfield),JURIS,2021,Solar,1,17.52
M100000US3932592,Grove City,JURIS,2010,Solar,1,
M100000US3932592,Grove City,JURIS,2011,Solar,2,
M100000US3932592,Grove City,JURIS,2012,Solar,1,
M100000US3932592,Grove City,JURIS,2015,Solar,1,
M100000US3932592,Grove City,JURIS,2016,Solar,1,
M100000US3932592,Grove City,JURIS,2017,Solar,2,
M100000US3932592,Grove City,JURIS,2018,Solar,2,
M100000US3932592,Grove City,JURIS,2019,Solar,9,
M100000US3932592,Grove City,JURIS,2020,Solar,15,
M100000US3932592,Grove City,JURIS,2021,Solar,32,
M100000US3932592,Grove City,JURIS,2022,Solar,38,
M100000US3932592,Grove City,JURIS,2023,Energy Storage,2,
M100000US3932592,Grove City,JURIS,2023,Natural Gas/Propane,1,
M100000US3932592,Grove City,JURIS,2023,Solar,68,
M100000US3932592,Grove City,JURIS,2024,Solar,76,
M100000US3932606,Groveport,JURIS,2000,Wind,1,
M100000US3932606,Groveport,JURIS,2008,Solar,1,
M100000US3932606,Groveport,JURIS,2014,Solar,1,
M100000US3932606,Groveport,JURIS,2019,Solar,2,
M100000US3932606,Groveport,JURIS,2020,Solar,1,
M100000US3932606,Groveport,JURIS,2021,Solar,1,
M100000US3932606,Groveport,JURIS,2022,Solar,6,
M100000US3932606,Groveport,JURIS,2023,Solar,7,
M100000US3932606,Groveport,JURIS,2024,Solar,13,
M100000US390493302699999,Hamilton Township (Franklin),JURIS,2019,Solar,1,3.0
M100000US390493302699999,Hamilton Township (Franklin),JURIS,2020,Solar,1,5.0
M100000US390493302699999,Hamilton Township (Franklin),JURIS,2021,Solar,3,20.1
M100000US390493302699999,Hamilton Township (Franklin),JURIS,2022,Solar,3,24.4
M100000US390493302699999,Hamilton Township (Franklin),JURIS,2023,Solar,3,22.14
M100000US390493302699999,Hamilton Township (Franklin),JURIS,2024,Solar,7,33.44
M100000US3933292,Hanover,JURIS,2018,Solar,1,
M100000US3933292,Hanover,JURIS,2022,Solar,1,
M100000US3933292,Hanover,JURIS,2023,Solar,1,
M100000US3933292,Hanover,JURIS,2024,Solar,2,
M100000US390893329999999,Hanover Township (Licking),JURIS,2019,Solar,1,3.8
M100000US390893329999999,Hanover Township (Licking),JURIS,2022,Solar,2,22.86
M100000US390893329999999,Hanover Township (Licking),JURIS,2023,Solar,1,2.61
M100000US390413351699999,Harlem Township (Delaware),JURIS,2013,Solar,1,17.595
M100000US390413351699999,Harlem Township (Delaware),JURIS,2014,Solar,1,5.0
M100000US390413351699999,Harlem Township (Delaware),JURIS,2015,Solar,1,10.0
M100000US390413351699999,Harlem Township (Delaware),JURIS,2017,Solar,1,10.0
M100000US390413351699999,Harlem Township (Delaware),JURIS,2018,Solar,3,22.799999999999997
M100000US390413351699999,Harlem Township (Delaware),JURIS,2019,Solar,3,36.2
M100000US390413351699999,Harlem Township (Delaware),JURIS,2020,Solar,2,17.4
M100000US390413351699999,Harlem Township (Delaware),JURIS,2021,Solar,4,42.68
M100000US390413351699999,Harlem Township (Delaware),JURIS,2022,Energy Storage,1,3.84
M100000US390413351699999,Harlem Township (Delaware),JURIS,2022,Solar,3,34.09
M100000US390413351699999,Harlem Township (Delaware),JURIS,2023,Energy Storage,1,10.0
M100000US390413351699999,Harlem Township (Delaware),JURIS,2023,Solar,4,47.58
M100000US390413351699999,Harlem Township (Delaware),JURIS,2024,Solar,3,30.44
M100000US391173360099999,Harmony Township (Morrow),JURIS,2015,Solar,1,8.0
M100000US391173360099999,Harmony Township (Morrow),JURIS,2018,Solar,1,10.975
M100000US391173360099999,Harmony Township (Morrow),JURIS,2020,Solar,1,7.6
M100000US391173360099999,Harmony Township (Morrow),JURIS,2021,Solar,1,7.6
M100000US391173360099999,Harmony Township (Morrow),JURIS,2023,Solar,1,9.28
M100000US3933740,Harrisburg,JURIS,2023,Solar,1,
M100000US390833388099999,Harrison Township (Knox),JURIS,2023,Solar,1,60.0
M100000US390833388099999,Harrison Township (Knox),JURIS,2024,Solar,1,6.48
M100000US390893389499999,Harrison Township (Licking),JURIS,2018,Solar,1,5.0
M100000US390893389499999,Harrison Township (Licking),JURIS,2019,Solar,3,21.2
M100000US390893389499999,Harrison Township (Licking),JURIS,2020,Solar,3,22.2
M100000US390893389499999,Harrison Township (Licking),JURIS,2021,Solar,7,54.91
M100000US390893389499999,Harrison Township (Licking),JURIS,2022,Solar,11,88.89
M100000US390893389499999,Harrison Township (Licking),JURIS,2023,Solar,12,78.035
M100000US390893389499999,Harrison Township (Licking),JURIS,2024,Solar,3,17.11
M100000US390913390899999,Harrison Township (Logan),JURIS,2010,Wind,1,12.0
M100000US390913390899999,Harrison Township (Logan),JURIS,2021,Solar,1,10.0
M100000US390913390899999,Harrison Township (Logan),JURIS,2022,Solar,1,13.86
M100000US390913390899999,Harrison Township (Logan),JURIS,2024,Solar,1,9.36
M100000US391273396499999,Harrison Township (Perry),JURIS,2015,Solar,1,4.0
M100000US391273396499999,Harrison Township (Perry),JURIS,2019,Solar,2,19.6
M100000US391273396499999,Harrison Township (Perry),JURIS,2021,Solar,1,7.6
M100000US391273396499999,Harrison Township (Perry),JURIS,2024,Solar,1,13.262
M100000US391413400699999,Harrison Township (Ross),JURIS,2019,Solar,1,11.4
M100000US391413400699999,Harrison Township (Ross),JURIS,2021,Solar,1,10.44
M100000US390893418899999,Hartford Township (Licking),JURIS,2017,Solar,1,7.6
M100000US390893418899999,Hartford Township (Licking),JURIS,2019,Solar,1,9.9
M100000US3934748,Heath,JURIS,2008,Solar,1,
M100000US3934748,Heath,JURIS,2016,Solar,1,
M100000US3934748,Heath,JURIS,2018,Solar,1,
M100000US3934748,Heath,JURIS,2019,Solar,4,
M100000US3934748,Heath,JURIS,2020,Solar,1,
M100000US3934748,Heath,JURIS,2021,Solar,3,
M100000US3934748,Heath,JURIS,2022,Solar,1,
M100000US3934748,Heath,JURIS,2023,Solar,8,
M100000US3934748,Heath,JURIS,2024,Solar,14,
M100000US3934790,Hebron,JURIS,2018,Solar,1,
M100000US3934790,Hebron,JURIS,2019,Solar,2,
M100000US3934790,Hebron,JURIS,2022,Solar,1,
M100000US3934790,Hebron,JURIS,2023,Solar,2,
M100000US3934790,Hebron,JURIS,2024,Solar,2,
M100000US390833546299999,Hilliar Township (Knox),JURIS,2016,Solar,2,27.4
M100000US390833546299999,Hilliar Township (Knox),JURIS,2018,Solar,1,10.0
M100000US390833546299999,Hilliar Township (Knox),JURIS,2019,Solar,3,16.1
M100000US390833546299999,Hilliar Township (Knox),JURIS,2020,Solar,4,51.2
M100000US390833546299999,Hilliar Township (Knox),JURIS,2022,Solar,2,14.559999999999999
M100000US390833546299999,Hilliar Township (Knox),JURIS,2023,Solar,1,7.04
M100000US390833546299999,Hilliar Township (Knox),JURIS,2024,Solar,1,7.6
M100000US3935476,Hilliard,JURIS,2011,Solar,3,
M100000US3935476,Hilliard,JURIS,2012,Solar,1,
M100000US3935476,Hilliard,JURIS,2015,Solar,1,
M100000US3935476,Hilliard,JURIS,2016,Solar,3,
M100000US3935476,Hilliard,JURIS,2017,Solar,4,
M100000US3935476,Hilliard,JURIS,2018,Solar,1,
M100000US3935476,Hilliard,JURIS,2019,Solar,10,
M100000US3935476,Hilliard,JURIS,2020,Solar,17,
M100000US3935476,Hilliard,JURIS,2021,Solar,31,
M100000US3935476,Hilliard,JURIS,2022,Energy Storage,1,
M100000US3935476,Hilliard,JURIS,2022,Solar,22,
M100000US3935476,Hilliard,JURIS,2023,Energy Storage,2,
M100000US3935476,Hilliard,JURIS,2023,Solar,66,
M100000US3935476,Hilliard,JURIS,2024,Energy Storage,1,
M100000US3935476,Hilliard,JURIS,2024,Solar,48,
0500000US39073,Hocking County,JURIS,2020,Solar,7,
0500000US39073,Hocking County,JURIS,2021,Solar,10,
0500000US39073,Hocking County,JURIS,2022,Solar,4,
0500000US39073,Hocking County,JURIS,2023,Energy Storage,1,
0500000US39073,Hocking County,JURIS,2023,Solar,7,
0500000US39073,Hocking County,JURIS,2024,Solar,9,
M100000US390453581299999,Hocking Township (Fairfield),JURIS,2019,Solar,1,6.0
M100000US390453581299999,Hocking Township (Fairfield),JURIS,2020,Solar,1,11.4
M100000US390453581299999,Hocking Township (Fairfield),JURIS,2021,Solar,1,19.98
M100000US390453581299999,Hocking Township (Fairfield),JURIS,2023,Solar,1,19.0
M100000US390893631699999,Hopewell Township (Licking),JURIS,2021,Solar,1,7.6
M100000US391273638699999,Hopewell Township (Perry),JURIS,2019,Solar,1,6.0
M100000US391273638699999,Hopewell Township (Perry),JURIS,2021,Solar,1,7.6
M100000US391273638699999,Hopewell Township (Perry),JURIS,2022,Solar,1,11.6
M100000US391273638699999,Hopewell Township (Perry),JURIS,2023,Solar,1,5.8
M100000US390833652699999,Howard Township (Knox),JURIS,2014,Solar,1,29.0
M100000US390833652699999,Howard Township (Knox),JURIS,2020,Solar,1,7.6
M100000US390833652699999,Howard Township (Knox),JURIS,2022,Energy Storage,1,3.84
M100000US390833652699999,Howard Township (Knox),JURIS,2022,Solar,5,37.08
M100000US390833652699999,Howard Township (Knox),JURIS,2023,Energy Storage,1,3.84
M100000US390833652699999,Howard Township (Knox),JURIS,2023,Solar,6,42.92
M100000US390833652699999,Howard Township (Knox),JURIS,2024,Solar,5,29.281
M100000US391413689099999,Huntington Township (Ross),JURIS,2019,Solar,3,14.1
M100000US391413689099999,Huntington Township (Ross),JURIS,2020,Solar,1,7.6
M100000US391413689099999,Huntington Township (Ross),JURIS,2022,Solar,1,6.38
M100000US391413689099999,Huntington Township (Ross),JURIS,2023,Solar,4,33.769999999999996
M100000US390493777299999,Jackson Township (Franklin),JURIS,2016,Solar,4,46.03
M100000US390493777299999,Jackson Township (Franklin),JURIS,2018,Solar,1,7.3
M100000US390493777299999,Jackson Township (Franklin),JURIS,2019,Solar,6,65.9
M100000US390493777299999,Jackson Township (Franklin),JURIS,2020,Solar,3,20.2
M100000US390493777299999,Jackson Township (Franklin),JURIS,2021,Solar,6,96.77
M100000US390493777299999,Jackson Township (Franklin),JURIS,2022,Solar,3,36.949999999999996
M100000US390493777299999,Jackson Township (Franklin),JURIS,2023,Solar,8,71.16
M100000US390493777299999,Jackson Township (Franklin),JURIS,2024,Solar,2,399.6
M100000US391593810899999,Jackson Township (Union),JURIS,2019,Solar,1,7.6
M100000US391593810899999,Jackson Township (Union),JURIS,2021,Solar,1,12.8
M100000US391593810899999,Jackson Township (Union),JURIS,2022,Energy Storage,1,0.0
M100000US391593810899999,Jackson Township (Union),JURIS,2022,Solar,1,7.6
M100000US390473859899999,Jefferson Township (Fayette),JURIS,2016,Solar,1,6.0
M100000US390473859899999,Jefferson Township (Fayette),JURIS,2021,Solar,1,12.16
M100000US390473859899999,Jefferson Township (Fayette),JURIS,2022,Solar,2,17.68
M100000US390473859899999,Jefferson Township (Fayette),JURIS,2024,Solar,3,23.927999999999997
M100000US390493861299999,Jefferson Township (Franklin),JURIS,2001,Wind,1,18.0
M100000US390493861299999,Jefferson Township (Franklin),JURIS,2011,Solar,1,1.8
M100000US390493861299999,Jefferson Township (Franklin),JURIS,2012,Solar,2,482.4
M100000US390493861299999,Jefferson Township (Franklin),JURIS,2013,Solar,1,57.0
M100000US390493861299999,Jefferson Township (Franklin),JURIS,2014,Solar,1,10.8
M100000US390493861299999,Jefferson Township (Franklin),JURIS,2017,Solar,6,34.0
M100000US390493861299999,Jefferson Township (Franklin),JURIS,2018,Solar,2,14.4
M100000US390493861299999,Jefferson Township (Franklin),JURIS,2019,Solar,4,37.3
M100000US390493861299999,Jefferson Township (Franklin),JURIS,2020,Solar,9,62.9
M100000US390493861299999,Jefferson Township (Franklin),JURIS,2021,Solar,12,81.12
M100000US390493861299999,Jefferson Township (Franklin),JURIS,2022,Solar,23,160.31
M100000US390493861299999,Jefferson Township (Franklin),JURIS,2023,Solar,22,186.22
M100000US390493861299999,Jefferson Township (Franklin),JURIS,2024,Solar,26,181.647
M100000US390833866899999,Jefferson Township (Knox),JURIS,2022,Solar,1,7.54
M100000US390913868299999,Jefferson Township (Logan),JURIS,2019,Solar,1,9.74
M100000US390913868299999,Jefferson Township (Logan),JURIS,2020,Solar,2,14.59
M100000US390913868299999,Jefferson Township (Logan),JURIS,2022,Solar,2,38.6
M100000US390913868299999,Jefferson Township (Logan),JURIS,2023,Solar,1,12.18
M100000US390913868299999,Jefferson Township (Logan),JURIS,2024,Solar,2,3.19
M100000US390973869699999,Jefferson Township (Madison),JURIS,2011,Solar,1,8.3
M100000US390973869699999,Jefferson Township (Madison),JURIS,2013,Solar,1,7.4
M100000US390973869699999,Jefferson Township (Madison),JURIS,2016,Solar,1,15.2
M100000US390973869699999,Jefferson Township (Madison),JURIS,2017,Solar,1,11.5
M100000US390973869699999,Jefferson Township (Madison),JURIS,2021,Solar,2,28.073999999999998
M100000US390973869699999,Jefferson Township (Madison),JURIS,2022,Solar,1,14.5
M100000US390973869699999,Jefferson Township (Madison),JURIS,2023,Solar,3,37.855000000000004
M100000US390973869699999,Jefferson Township (Madison),JURIS,2024,Solar,1,1125.0
M100000US391413880899999,Jefferson Township (Ross),JURIS,2015,Solar,1,17.4
M100000US391413880899999,Jefferson Township (Ross),JURIS,2020,Solar,1,7.6
M100000US391413880899999,Jefferson Township (Ross),JURIS,2022,Solar,2,20.3
M100000US391413880899999,Jefferson Township (Ross),JURIS,2023,Solar,2,16.439999999999998
M100000US3938920,Jeffersonville,JURIS,2023,Solar,1,
M100000US3938920,Jeffersonville,JURIS,2024,Solar,1,
M100000US391593904699999,Jerome Township (Union),JURIS,2015,Solar,1,9.01
M100000US391593904699999,Jerome Township (Union),JURIS,2018,Solar,1,12.0
M100000US391593904699999,Jerome Township (Union),JURIS,2021,Solar,2,14.010000000000002
M100000US391593904699999,Jerome Township (Union),JURIS,2022,Solar,2,22.36
M100000US391593904699999,Jerome Township (Union),JURIS,2023,Solar,8,61.46
M100000US391593904699999,Jerome Township (Union),JURIS,2024,Solar,8,55.42
M100000US390893910299999,Jersey Township (Licking),JURIS,2012,Solar,1,18.7
M100000US390893910299999,Jersey Township (Licking),JURIS,2015,Solar,1,9.6
M100000US390893910299999,Jersey Township (Licking),JURIS,2017,Solar,1,12.4
M100000US390893910299999,Jersey Township (Licking),JURIS,2018,Solar,1,7.6
M100000US390893910299999,Jersey Township (Licking),JURIS,2020,Solar,2,15.0
M100000US390893910299999,Jersey Township (Licking),JURIS,2021,Solar,4,49.04
M100000US390893910299999,Jersey Township (Licking),JURIS,2023,Solar,2,26.389999999999997
M100000US390893910299999,Jersey Township (Licking),JURIS,2024,Solar,1,7.8
M100000US3939340,Johnstown,JURIS,2019,Solar,1,
M100000US3939340,Johnstown,JURIS,2021,Solar,1,
M100000US3939340,Johnstown,JURIS,2022,Solar,4,
M100000US3939340,Johnstown,JURIS,2023,Solar,1,
M100000US3939340,Johnstown,JURIS,2024,Solar,4,
M100000US390414036299999,Kingston Township (Delaware),JURIS,2021,Solar,1,17.6
M100000US3940572,Kirkersville,JURIS,2024,Solar,1,
0500000US39083,Knox County,JURIS,2007,Solar,1,
0500000US39083,Knox County,JURIS,2011,Solar,1,
0500000US39083,Knox County,JURIS,2012,Solar,2,
0500000US39083,Knox County,JURIS,2013,Solar,2,
0500000US39083,Knox County,JURIS,2014,Solar,6,
0500000US39083,Knox County,JURIS,2015,Solar,5,
0500000US39083,Knox County,JURIS,2016,Solar,5,
0500000US39083,Knox County,JURIS,2017,Solar,8,
0500000US39083,Knox County,JURIS,2018,Solar,17,
0500000US39083,Knox County,JURIS,2019,Solar,19,
0500000US39083,Knox County,JURIS,2020,Solar,30,
0500000US39083,Knox County,JURIS,2021,Solar,17,
0500000US39083,Knox County,JURIS,2022,Energy Storage,1,
0500000US39083,Knox County,JURIS,2022,Solar,28,
0500000US39083,Knox County,JURIS,2023,Energy Storage,2,
0500000US39083,Knox County,JURIS,2023,Solar,43,
0500000US39083,Knox County,JURIS,2024,Energy Storage,2,
0500000US39083,Knox County,JURIS,2024,Solar,35,
M100000US3941902,La Rue,JURIS,2023,Solar,1,
M100000US3941720,Lancaster,JURIS,2010,Solar,1,
M100000US3941720,Lancaster,JURIS,2011,Solar,1,
M100000US3941720,Lancaster,JURIS,2013,Solar,2,
M100000US3941720,Lancaster,JURIS,2016,Solar,1,
M100000US3941720,Lancaster,JURIS,2017,Solar,1,
M100000US3941720,Lancaster,JURIS,2018,Solar,2,
M100000US3941720,Lancaster,JURIS,2019,Solar,5,
M100000US3941720,Lancaster,JURIS,2020,Solar,5,
M100000US3941720,Lancaster,JURIS,2021,Solar,10,
M100000US3941720,Lancaster,JURIS,2022,Energy Storage,1,
M100000US3941720,Lancaster,JURIS,2022,Solar,21,
M100000US3941720,Lancaster,JURIS,2023,Energy Storage,2,
M100000US3941720,Lancaster,JURIS,2023,Solar,18,
M100000US3941720,Lancaster,JURIS,2024,Solar,23,
M100000US390734205699999,Laurel Township (Hocking),JURIS,2018,Solar,1,22.8
M100000US391594249099999,Leesburg Township (Union),JURIS,2021,Solar,1,7.26
M100000US390414310699999,Liberty Township (Delaware),JURIS,2004,Wind,1,1.0
M100000US390414310699999,Liberty Township (Delaware),JURIS,2010,Solar,1,10.0
M100000US390414310699999,Liberty Township (Delaware),JURIS,2013,Solar,1,5.2
M100000US390414310699999,Liberty Township (Delaware),JURIS,2014,Solar,3,27.5
M100000US390414310699999,Liberty Township (Delaware),JURIS,2015,Solar,1,15.0
M100000US390414310699999,Liberty Township (Delaware),JURIS,2016,Solar,1,12.0
M100000US390414310699999,Liberty Township (Delaware),JURIS,2017,Solar,5,65.69999999999999
M100000US390414310699999,Liberty Township (Delaware),JURIS,2018,Solar,1,8.8
M100000US390414310699999,Liberty Township (Delaware),JURIS,2019,Solar,5,40.4
M100000US390414310699999,Liberty Township (Delaware),JURIS,2020,Energy Storage,2,565.0
M100000US390414310699999,Liberty Township (Delaware),JURIS,2020,Solar,10,258.5
M100000US390414310699999,Liberty Township (Delaware),JURIS,2021,Solar,9,81.265
M100000US390414310699999,Liberty Township (Delaware),JURIS,2022,Solar,10,86.92
M100000US390414310699999,Liberty Township (Delaware),JURIS,2023,Solar,21,164.206
M100000US390414310699999,Liberty Township (Delaware),JURIS,2024,Solar,14,132.82999999999998
M100000US390454312099999,Liberty Township (Fairfield),JURIS,2012,Solar,1,12.0
M100000US390454312099999,Liberty Township (Fairfield),JURIS,2016,Solar,1,10.0
M100000US390454312099999,Liberty Township (Fairfield),JURIS,2019,Solar,1,6.0
M100000US390454312099999,Liberty Township (Fairfield),JURIS,2021,Solar,1,11.4
M100000US390454312099999,Liberty Township (Fairfield),JURIS,2022,Solar,2,31.21
M100000US390454312099999,Liberty Township (Fairfield),JURIS,2024,Solar,2,22.744999999999997
M100000US390834321899999,Liberty Township (Knox),JURIS,2007,Solar,1,6.0
M100000US390834321899999,Liberty Township (Knox),JURIS,2014,Solar,2,13.9
M100000US390834321899999,Liberty Township (Knox),JURIS,2015,Solar,1,5.0
M100000US390834321899999,Liberty Township (Knox),JURIS,2019,Solar,1,10.0
M100000US390834321899999,Liberty Township (Knox),JURIS,2020,Solar,2,22.0
M100000US390834321899999,Liberty Township (Knox),JURIS,2021,Solar,3,22.689999999999998
M100000US390834321899999,Liberty Township (Knox),JURIS,2022,Solar,2,31.72
M100000US390834321899999,Liberty Township (Knox),JURIS,2023,Solar,1,5.8
M100000US390834321899999,Liberty Township (Knox),JURIS,2024,Solar,2,28.060000000000002
M100000US390894323299999,Liberty Township (Licking),JURIS,2018,Solar,2,19.0
M100000US390894323299999,Liberty Township (Licking),JURIS,2022,Solar,1,10.976
M100000US390914324699999,Liberty Township (Logan),JURIS,2022,Solar,1,4.64
M100000US390914324699999,Liberty Township (Logan),JURIS,2024,Solar,2,6.09
M100000US391414330299999,Liberty Township (Ross),JURIS,2015,Solar,1,6.0
M100000US391414330299999,Liberty Township (Ross),JURIS,2018,Solar,2,11.1
M100000US391414330299999,Liberty Township (Ross),JURIS,2019,Solar,1,14.16
M100000US391414330299999,Liberty Township (Ross),JURIS,2020,Solar,1,11.4
M100000US391414330299999,Liberty Township (Ross),JURIS,2021,Solar,6,75.22
M100000US391414330299999,Liberty Township (Ross),JURIS,2022,Solar,2,11.08
M100000US391414330299999,Liberty Township (Ross),JURIS,2023,Solar,4,30.880000000000003
M100000US391414330299999,Liberty Township (Ross),JURIS,2024,Solar,1,6.96
M100000US391594335899999,Liberty Township (Union),JURIS,2022,Solar,1,17.4
0500000US39089,Licking County,JURIS,2006,Solar,1,
0500000US39089,Licking County,JURIS,2008,Solar,1,
0500000US39089,Licking County,JURIS,2009,Solar,1,
0500000US39089,Licking County,JURIS,2010,Solar,2,
0500000US39089,Licking County,JURIS,2010,Wind,1,
0500000US39089,Licking County,JURIS,2011,Solar,2,
0500000US39089,Licking County,JURIS,2012,Solar,6,
0500000US39089,Licking County,JURIS,2013,Solar,6,
0500000US39089,Licking County,JURIS,2014,Solar,10,
0500000US39089,Licking County,JURIS,2015,Solar,9,
0500000US39089,Licking County,JURIS,2016,Solar,6,
0500000US39089,Licking County,JURIS,2017,Solar,17,
0500000US39089,Licking County,JURIS,2018,Solar,32,
0500000US39089,Licking County,JURIS,2019,Solar,70,
0500000US39089,Licking County,JURIS,2020,Energy Storage,1,
0500000US39089,Licking County,JURIS,2020,Solar,54,
0500000US39089,Licking County,JURIS,2021,Solar,92,
0500000US39089,Licking County,JURIS,2022,Solar,111,
0500000US39089,Licking County,JURIS,2023,Energy Storage,5,
0500000US39089,Licking County,JURIS,2023,Natural Gas/Propane,1,
0500000US39089,Licking County,JURIS,2023,Solar,158,
0500000US39089,Licking County,JURIS,2024,Energy Storage,3,
0500000US39089,Licking County,JURIS,2024,Solar,160,
M100000US390894345699999,Licking Township (Licking),JURIS,2006,Solar,1,2.5
M100000US390894345699999,Licking Township (Licking),JURIS,2014,Solar,4,810.4
M100000US390894345699999,Licking Township (Licking),JURIS,2018,Solar,1,6.2
M100000US390894345699999,Licking Township (Licking),JURIS,2019,Solar,3,19.0
M100000US390894345699999,Licking Township (Licking),JURIS,2020,Solar,1,3.8
M100000US390894345699999,Licking Township (Licking),JURIS,2022,Solar,3,21.46
M100000US390894345699999,Licking Township (Licking),JURIS,2023,Solar,6,63.19
M100000US390894345699999,Licking Township (Licking),JURIS,2024,Solar,3,14.399999999999999
M100000US391174368099999,Lincoln Township (Morrow),JURIS,2016,Solar,1,14.0
M100000US391174368099999,Lincoln Township (Morrow),JURIS,2018,Solar,2,20.0
M100000US391174368099999,Lincoln Township (Morrow),JURIS,2019,Solar,2,8.8
M100000US391174368099999,Lincoln Township (Morrow),JURIS,2021,Solar,1,7.04
M100000US391174368099999,Lincoln Township (Morrow),JURIS,2022,Solar,1,11.4
M100000US3944632,Logan,JURIS,2010,Solar,1,
M100000US3944632,Logan,JURIS,2010,Wind,1,
M100000US3944632,Logan,JURIS,2014,Solar,2,
M100000US3944632,Logan,JURIS,2018,Solar,3,
M100000US3944632,Logan,JURIS,2019,Solar,5,
M100000US3944632,Logan,JURIS,2020,Solar,2,
M100000US3944632,Logan,JURIS,2021,Solar,4,
M100000US3944632,Logan,JURIS,2023,Solar,1,
M100000US3944632,Logan,JURIS,2024,Solar,1,
0500000US39091,Logan County,JURIS,2010,Wind,2,
0500000US39091,Logan County,JURIS,2011,Solar,1,
0500000US39091,Logan County,JURIS,2012,Solar,1,
0500000US39091,Logan County,JURIS,2013,Solar,1,
0500000US39091,Logan County,JURIS,2015,Solar,1,
0500000US39091,Logan County,JURIS,2017,Solar,1,
0500000US39091,Logan County,JURIS,2018,Solar,1,
0500000US39091,Logan County,JURIS,2019,Solar,9,
0500000US39091,Logan County,JURIS,2020,Solar,10,
0500000US39091,Logan County,JURIS,2021,Solar,9,
0500000US39091,Logan County,JURIS,2022,Solar,10,
0500000US39091,Logan County,JURIS,2023,Solar,18,
0500000US39091,Logan County,JURIS,2024,Solar,11,
M100000US3944674,London,JURIS,2011,Solar,2,
M100000US3944674,London,JURIS,2012,Solar,2,
M100000US3944674,London,JURIS,2013,Solar,1,
M100000US3944674,London,JURIS,2014,Solar,1,
M100000US3944674,London,JURIS,2016,Solar,1,
M100000US3944674,London,JURIS,2019,Solar,1,
M100000US3944674,London,JURIS,2020,Solar,1,
M100000US3944674,London,JURIS,2021,Solar,1,
M100000US3944674,London,JURIS,2022,Energy Storage,1,
M100000US3944674,London,JURIS,2022,Solar,6,
M100000US3944674,London,JURIS,2023,Solar,3,
M100000US3944674,London,JURIS,2024,Solar,14,
0500000US39097,Madison County,JURIS,2008,Solar,1,
0500000US39097,Madison County,JURIS,2008,Wind,1,
0500000US39097,Madison County,JURIS,2010,Solar,2,
0500000US39097,Madison County,JURIS,2010,Wind,3,
0500000US39097,Madison County,JURIS,2011,Solar,7,
0500000US39097,Madison County,JURIS,2012,Solar,7,
0500000US39097,Madison County,JURIS,2013,Solar,6,
0500000US39097,Madison County,JURIS,2014,Solar,2,
0500000US39097,Madison County,JURIS,2015,Solar,2,
0500000US39097,Madison County,JURIS,2016,Solar,10,
0500000US39097,Madison County,JURIS,2017,Solar,5,
0500000US39097,Madison County,JURIS,2018,Solar,5,
0500000US39097,Madison County,JURIS,2019,Solar,18,
0500000US39097,Madison County,JURIS,2020,Solar,19,
0500000US39097,Madison County,JURIS,2021,Solar,16,
0500000US39097,Madison County,JURIS,2022,Energy Storage,3,
0500000US39097,Madison County,JURIS,2022,Solar,27,
0500000US39097,Madison County,JURIS,2023,Energy Storage,2,
0500000US39097,Madison County,JURIS,2023,Solar,36,
0500000US39097,Madison County,JURIS,2024,Solar,48,
M100000US390454638299999,Madison Township (Fairfield),JURIS,2019,Solar,1,6.0
M100000US390474639699999,Madison Township (Fayette),JURIS,2010,Solar,1,7.0
M100000US390474639699999,Madison Township (Fayette),JURIS,2014,Solar,1,6.0
M100000US390474639699999,Madison Township (Fayette),JURIS,2015,Solar,1,5.0
M100000US390474639699999,Madison Township (Fayette),JURIS,2020,Solar,2,11.399999999999999
M100000US390474639699999,Madison Township (Fayette),JURIS,2021,Solar,1,3.0
M100000US390474639699999,Madison Township (Fayette),JURIS,2022,Solar,1,5.8
M100000US390474639699999,Madison Township (Fayette),JURIS,2023,Solar,1,7.6
M100000US390494641099999,Madison Township (Franklin),JURIS,2015,Solar,1,5.0
M100000US390494641099999,Madison Township (Franklin),JURIS,2019,Solar,5,103.4
M100000US390494641099999,Madison Township (Franklin),JURIS,2020,Solar,6,39.4
M100000US390494641099999,Madison Township (Franklin),JURIS,2021,Solar,4,31.64
M100000US390494641099999,Madison Township (Franklin),JURIS,2022,Energy Storage,1,3.84
M100000US390494641099999,Madison Township (Franklin),JURIS,2022,Solar,12,74.85
M100000US390494641099999,Madison Township (Franklin),JURIS,2023,Solar,10,59.42999999999999
M100000US390494641099999,Madison Township (Franklin),JURIS,2024,Solar,18,95.59
M100000US390894650899999,Madison Township (Licking),JURIS,2013,Solar,1,4.3
M100000US390894650899999,Madison Township (Licking),JURIS,2018,Solar,2,10.6
M100000US390894650899999,Madison Township (Licking),JURIS,2019,Solar,3,16.400000000000002
M100000US390894650899999,Madison Township (Licking),JURIS,2020,Solar,3,14.5
M100000US390894650899999,Madison Township (Licking),JURIS,2021,Solar,2,18.7
M100000US390894650899999,Madison Township (Licking),JURIS,2024,Energy Storage,1,7.68
M100000US390894650899999,Madison Township (Licking),JURIS,2024,Solar,3,28.386000000000003
M100000US391274655099999,Madison Township (Perry),JURIS,2022,Solar,1,7.54
M100000US3947474,Marble Cliff,JURIS,2018,Solar,1,
M100000US3947474,Marble Cliff,JURIS,2020,Solar,3,
M100000US3947474,Marble Cliff,JURIS,2022,Solar,1,
M100000US3947474,Marble Cliff,JURIS,2023,Solar,1,
M100000US3947474,Marble Cliff,JURIS,2024,Solar,1,
M100000US3947754,Marion,JURIS,2016,Solar,1,
M100000US3947754,Marion,JURIS,2019,Solar,3,
M100000US3947754,Marion,JURIS,2020,Solar,5,
M100000US3947754,Marion,JURIS,2021,Solar,3,
M100000US3947754,Marion,JURIS,2022,Energy Storage,2,
M100000US3947754,Marion,JURIS,2022,Solar,13,
M100000US3947754,Marion,JURIS,2023,Solar,4,
M100000US3947754,Marion,JURIS,2024,Solar,11,
0500000US39101,Marion County,JURIS,2009,Wind,1,
0500000US39101,Marion County,JURIS,2011,Solar,2,
0500000US39101,Marion County,JURIS,2011,Wind,1,
0500000US39101,Marion County,JURIS,2012,Solar,1,
0500000US39101,Marion County,JURIS,2014,Solar,2,
0500000US39101,Marion County,JURIS,2015,Solar,3,
0500000US39101,Marion County,JURIS,2016,Solar,4,
0500000US39101,Marion County,JURIS,2017,Solar,4,
0500000US39101,Marion County,JURIS,2017,Waste Gas,1,
0500000US39101,Marion County,JURIS,2018,Solar,6,
0500000US39101,Marion County,JURIS,2018,Wind,1,
0500000US39101,Marion County,JURIS,2019,Solar,15,
0500000US39101,Marion County,JURIS,2020,Solar,9,
0500000US39101,Marion County,JURIS,2021,Solar,13,
0500000US39101,Marion County,JURIS,2022,Energy Storage,2,
0500000US39101,Marion County,JURIS,2022,Solar,27,
0500000US39101,Marion County,JURIS,2023,Solar,18,
0500000US39101,Marion County,JURIS,2024,Solar,19,
M100000US390474768499999,Marion Township (Fayette),JURIS,2012,Solar,1,4.1
M100000US390474768499999,Marion Township (Fayette),JURIS,2014,Solar,1,9.54
M100000US390474768499999,Marion Township (Fayette),JURIS,2019,Solar,2,8.6
M100000US390734774099999,Marion Township (Hocking),JURIS,2010,Solar,1,8.4
M100000US390734774099999,Marion Township (Hocking),JURIS,2011,Solar,2,9.1
M100000US390734774099999,Marion Township (Hocking),JURIS,2023,Energy Storage,1,7.0
M100000US390734774099999,Marion Township (Hocking),JURIS,2023,Solar,3,25.93
M100000US390734774099999,Marion Township (Hocking),JURIS,2024,Solar,1,10.0
M100000US391014776899999,Marion Township (Marion),JURIS,2011,Solar,1,45.0
M100000US391014776899999,Marion Township (Marion),JURIS,2017,Solar,1,20.0
M100000US391014776899999,Marion Township (Marion),JURIS,2017,Waste Gas,1,3500.0
M100000US391014776899999,Marion Township (Marion),JURIS,2018,Solar,1,7.6
M100000US391014776899999,Marion Township (Marion),JURIS,2018,Wind,1,4500.0
M100000US391014776899999,Marion Township (Marion),JURIS,2019,Solar,4,22.8
M100000US391014776899999,Marion Township (Marion),JURIS,2021,Solar,3,30.240000000000002
M100000US391014776899999,Marion Township (Marion),JURIS,2022,Solar,2,25.8
M100000US391014776899999,Marion Township (Marion),JURIS,2023,Solar,2,8.48
M100000US391014776899999,Marion Township (Marion),JURIS,2024,Solar,3,18.09
M100000US390414790899999,Marlboro Township (Delaware),JURIS,2019,Solar,1,6.0
M100000US390894813299999,Mary Ann Township (Licking),JURIS,2018,Solar,1,6.5
M100000US390894813299999,Mary Ann Township (Licking),JURIS,2019,Solar,1,4.8
M100000US390894813299999,Mary Ann Township (Licking),JURIS,2020,Solar,1,15.4
M100000US390894813299999,Mary Ann Township (Licking),JURIS,2023,Solar,1,10.44
M100000US3948160,Marysville,JURIS,2019,Solar,3,
M100000US3948160,Marysville,JURIS,2020,Solar,3,
M100000US3948160,Marysville,JURIS,2021,Solar,4,
M100000US3948160,Marysville,JURIS,2022,Solar,13,
M100000US3948160,Marysville,JURIS,2023,Solar,20,
M100000US3948160,Marysville,JURIS,2024,Solar,13,
M100000US390894611699999,McKean Township (Licking),JURIS,2012,Solar,1,6.25
M100000US390894611699999,McKean Township (Licking),JURIS,2016,Solar,1,5.5
M100000US390894611699999,McKean Township (Licking),JURIS,2019,Solar,1,7.4
M100000US390894611699999,McKean Township (Licking),JURIS,2020,Solar,1,7.2
M100000US390894611699999,McKean Township (Licking),JURIS,2022,Solar,2,13.76
M100000US390894611699999,McKean Township (Licking),JURIS,2023,Solar,1,3.8
M100000US390894611699999,McKean Township (Licking),JURIS,2024,Energy Storage,1,10.0
M100000US390834965899999,Middlebury Township (Knox),JURIS,2018,Solar,3,55.1
M100000US390834965899999,Middlebury Township (Knox),JURIS,2021,Solar,1,7.6
M100000US390495006499999,Mifflin Township (Franklin),JURIS,2022,Solar,2,8.0
M100000US390495006499999,Mifflin Township (Franklin),JURIS,2023,Solar,2,8.99
M100000US390495006499999,Mifflin Township (Franklin),JURIS,2024,Solar,3,9.64
M100000US3950218,Milford Center,JURIS,2022,Solar,2,
M100000US390835020499999,Milford Township (Knox),JURIS,2022,Solar,2,21.25
M100000US391595028899999,Millcreek Township (Union),JURIS,2016,Solar,1,5.44
M100000US391595028899999,Millcreek Township (Union),JURIS,2018,Solar,1,12.0
M100000US391595028899999,Millcreek Township (Union),JURIS,2020,Solar,1,9.6
M100000US391595028899999,Millcreek Township (Union),JURIS,2021,Solar,1,7.6
M100000US391595028899999,Millcreek Township (Union),JURIS,2023,Solar,1,4.93
M100000US390835033099999,Miller Township (Knox),JURIS,2018,Solar,1,9.2
M100000US390835033099999,Miller Township (Knox),JURIS,2020,Solar,1,22.8
M100000US390835033099999,Miller Township (Knox),JURIS,2022,Solar,2,31.4
M100000US390835033099999,Miller Township (Knox),JURIS,2023,Solar,1,10.0
M100000US3950400,Millersport,JURIS,2022,Solar,2,
M100000US3950400,Millersport,JURIS,2023,Solar,2,
M100000US3950862,Minerva Park,JURIS,2019,Solar,3,
M100000US3950862,Minerva Park,JURIS,2020,Solar,2,
M100000US3950862,Minerva Park,JURIS,2021,Solar,4,
M100000US3950862,Minerva Park,JURIS,2022,Solar,8,
M100000US3950862,Minerva Park,JURIS,2023,Solar,12,
M100000US3950862,Minerva Park,JURIS,2024,Solar,9,
M100000US390835143699999,Monroe Township (Knox),JURIS,2013,Solar,1,8.0
M100000US390835143699999,Monroe Township (Knox),JURIS,2018,Solar,1,7.6
M100000US390835143699999,Monroe Township (Knox),JURIS,2019,Solar,2,14.9
M100000US390835143699999,Monroe Township (Knox),JURIS,2020,Solar,2,13.399999999999999
M100000US390835143699999,Monroe Township (Knox),JURIS,2021,Solar,1,7.6
M100000US390835143699999,Monroe Township (Knox),JURIS,2022,Solar,2,22.189999999999998
M100000US390835143699999,Monroe Township (Knox),JURIS,2023,Solar,1,7.2
M100000US390835143699999,Monroe Township (Knox),JURIS,2024,Solar,1,6.96
M100000US390895145099999,Monroe Township (Licking),JURIS,2021,Solar,5,44.58
M100000US390895145099999,Monroe Township (Licking),JURIS,2023,Solar,1,11.6
M100000US390915146499999,Monroe Township (Logan),JURIS,2020,Solar,1,7.6
M100000US390915146499999,Monroe Township (Logan),JURIS,2021,Solar,2,11.399999999999999
M100000US390975147899999,Monroe Township (Madison),JURIS,2008,Solar,1,7.0
M100000US390975147899999,Monroe Township (Madison),JURIS,2016,Solar,3,40.46
M100000US390975147899999,Monroe Township (Madison),JURIS,2018,Solar,2,56.5
M100000US390975147899999,Monroe Township (Madison),JURIS,2019,Solar,5,75.53
M100000US390975147899999,Monroe Township (Madison),JURIS,2022,Solar,1,11.4
M100000US390975147899999,Monroe Township (Madison),JURIS,2023,Solar,2,31.2
M100000US391275152099999,Monroe Township (Perry),JURIS,2022,Solar,3,28.9
M100000US391275152099999,Monroe Township (Perry),JURIS,2024,Energy Storage,1,7.68
M100000US391295153499999,Monroe Township (Pickaway),JURIS,2020,Solar,1,3.84
M100000US391295153499999,Monroe Township (Pickaway),JURIS,2023,Solar,1,9.2
M100000US391015173099999,Montgomery Township (Marion),JURIS,2015,Solar,1,9.9
M100000US391015173099999,Montgomery Township (Marion),JURIS,2023,Solar,1,7.68
M100000US391015173099999,Montgomery Township (Marion),JURIS,2024,Solar,1,34.64
M100000US390835210899999,Morgan Township (Knox),JURIS,2019,Solar,1,6.0
M100000US390835210899999,Morgan Township (Knox),JURIS,2022,Solar,1,6.48
M100000US390835229099999,Morris Township (Knox),JURIS,2014,Solar,1,5.3
M100000US390835229099999,Morris Township (Knox),JURIS,2016,Solar,1,7.6
M100000US390835229099999,Morris Township (Knox),JURIS,2018,Solar,1,10.8
M100000US390835229099999,Morris Township (Knox),JURIS,2019,Solar,1,12.6
M100000US390835229099999,Morris Township (Knox),JURIS,2020,Solar,4,21.4
M100000US390835229099999,Morris Township (Knox),JURIS,2021,Solar,3,27.38
M100000US390835229099999,Morris Township (Knox),JURIS,2023,Solar,1,7.8
M100000US390835229099999,Morris Township (Knox),JURIS,2024,Solar,1,6.48
0500000US39117,Morrow County,JURIS,2009,Wind,2,
0500000US39117,Morrow County,JURIS,2014,Solar,2,
0500000US39117,Morrow County,JURIS,2015,Solar,3,
0500000US39117,Morrow County,JURIS,2016,Solar,3,
0500000US39117,Morrow County,JURIS,2017,Solar,2,
0500000US39117,Morrow County,JURIS,2018,Solar,5,
0500000US39117,Morrow County,JURIS,2019,Solar,13,
0500000US39117,Morrow County,JURIS,2020,Solar,10,
0500000US39117,Morrow County,JURIS,2021,Solar,8,
0500000US39117,Morrow County,JURIS,2022,Energy Storage,1,
0500000US39117,Morrow County,JURIS,2022,Solar,11,
0500000US39117,Morrow County,JURIS,2023,Energy Storage,3,
0500000US39117,Morrow County,JURIS,2023,Solar,9,
0500000US39117,Morrow County,JURIS,2024,Solar,9,
M100000US3952738,Mount Gilead,JURIS,2014,Solar,1,
M100000US3952738,Mount Gilead,JURIS,2018,Solar,1,
M100000US3952738,Mount Gilead,JURIS,2019,Solar,1,
M100000US3952738,Mount Gilead,JURIS,2021,Solar,1,
M100000US3952738,Mount Gilead,JURIS,2022,Solar,2,
M100000US3953046,Mount Sterling,JURIS,2020,Solar,1,
M100000US3953046,Mount Sterling,JURIS,2022,Solar,1,
M100000US3953046,Mount Sterling,JURIS,2023,Solar,1,
M100000US3953046,Mount Sterling,JURIS,2024,Solar,10,
M100000US3953102,Mount Vernon,JURIS,2018,Solar,1,
M100000US3953102,Mount Vernon,JURIS,2019,Solar,3,
M100000US3953102,Mount Vernon,JURIS,2020,Solar,4,
M100000US3953102,Mount Vernon,JURIS,2021,Solar,3,
M100000US3953102,Mount Vernon,JURIS,2022,Solar,6,
M100000US3953102,Mount Vernon,JURIS,2023,Energy Storage,1,
M100000US3953102,Mount Vernon,JURIS,2023,Solar,12,
M100000US3953102,Mount Vernon,JURIS,2024,Solar,9,
M100000US3953970,New Albany,JURIS,2007,Solar,1,
M100000US3953970,New Albany,JURIS,2012,Solar,1,
M100000US3953970,New Albany,JURIS,2013,Solar,1,
M100000US3953970,New Albany,JURIS,2015,Solar,1,
M100000US3953970,New Albany,JURIS,2016,Solar,1,
M100000US3953970,New Albany,JURIS,2018,Solar,1,
M100000US3953970,New Albany,JURIS,2019,Solar,1,
M100000US3953970,New Albany,JURIS,2020,Solar,1,
M100000US3953970,New Albany,JURIS,2021,Energy Storage,1,
M100000US3953970,New Albany,JURIS,2021,Solar,3,
M100000US3953970,New Albany,JURIS,2022,Solar,4,
M100000US3953970,New Albany,JURIS,2023,Energy Storage,2,
M100000US3953970,New Albany,JURIS,2023,Solar,7,
M100000US3953970,New Albany,JURIS,2024,Solar,5,
M100000US3954726,New Holland,JURIS,2020,Solar,1,
M100000US3954726,New Holland,JURIS,2022,Solar,2,
M100000US3954866,New Lexington,JURIS,2018,Solar,2,
M100000US3954866,New Lexington,JURIS,2019,Solar,1,
M100000US3954866,New Lexington,JURIS,2020,Solar,1,
M100000US3954866,New Lexington,JURIS,2021,Solar,1,
M100000US3954866,New Lexington,JURIS,2022,Solar,1,
M100000US3955552,New Straitsville,JURIS,2020,Solar,1,
M100000US3954040,Newark,JURIS,2013,Solar,1,
M100000US3954040,Newark,JURIS,2015,Solar,3,
M100000US3954040,Newark,JURIS,2016,Solar,1,
M100000US3954040,Newark,JURIS,2017,Solar,3,
M100000US3954040,Newark,JURIS,2018,Solar,4,
M100000US3954040,Newark,JURIS,2019,Solar,13,
M100000US3954040,Newark,JURIS,2020,Solar,7,
M100000US3954040,Newark,JURIS,2021,Solar,9,
M100000US3954040,Newark,JURIS,2022,Solar,22,
M100000US3954040,Newark,JURIS,2023,Natural Gas/Propane,1,
M100000US3954040,Newark,JURIS,2023,Solar,34,
M100000US3954040,Newark,JURIS,2024,Solar,35,
M100000US390895405499999,Newark Township (Licking),JURIS,2018,Solar,1,6.0
M100000US390895405499999,Newark Township (Licking),JURIS,2019,Solar,2,11.899999999999999
M100000US390895405499999,Newark Township (Licking),JURIS,2020,Solar,1,20.3
M100000US390895405499999,Newark Township (Licking),JURIS,2021,Solar,3,25.92
M100000US390895405499999,Newark Township (Licking),JURIS,2022,Solar,1,11.34
M100000US390895405499999,Newark Township (Licking),JURIS,2023,Solar,1,6.0
M100000US390895405499999,Newark Township (Licking),JURIS,2024,Solar,2,15.2
M100000US390895558099999,Newton Township (Licking),JURIS,2012,Solar,2,17.2
M100000US390895558099999,Newton Township (Licking),JURIS,2019,Solar,2,8.0
M100000US390895558099999,Newton Township (Licking),JURIS,2021,Solar,3,30.4
M100000US390895558099999,Newton Township (Licking),JURIS,2022,Solar,2,25.98
M100000US390895558099999,Newton Township (Licking),JURIS,2023,Solar,1,11.904
M100000US390895558099999,Newton Township (Licking),JURIS,2024,Solar,10,86.39
M100000US391175622499999,North Bloomfield Township (Morrow),JURIS,2019,Solar,1,3.2
M100000US391175622499999,North Bloomfield Township (Morrow),JURIS,2021,Solar,1,7.6
M100000US390495734499999,Norwich Township (Franklin),JURIS,2012,Solar,1,8.0
M100000US390495734499999,Norwich Township (Franklin),JURIS,2013,Solar,1,7.5
M100000US390495734499999,Norwich Township (Franklin),JURIS,2015,Solar,2,25.2
M100000US390495734499999,Norwich Township (Franklin),JURIS,2016,Solar,2,17.7
M100000US390495734499999,Norwich Township (Franklin),JURIS,2018,Solar,3,17.9
M100000US390495734499999,Norwich Township (Franklin),JURIS,2019,Solar,3,27.1
M100000US390495734499999,Norwich Township (Franklin),JURIS,2020,Solar,4,53.2
M100000US390495734499999,Norwich Township (Franklin),JURIS,2021,Solar,3,19.05
M100000US390495734499999,Norwich Township (Franklin),JURIS,2022,Energy Storage,1,15.0
M100000US390495734499999,Norwich Township (Franklin),JURIS,2022,Solar,7,71.58
M100000US390495734499999,Norwich Township (Franklin),JURIS,2023,Solar,6,42.51
M100000US390495734499999,Norwich Township (Franklin),JURIS,2024,Energy Storage,2,7.68
M100000US390495734499999,Norwich Township (Franklin),JURIS,2024,Solar,13,118.038
M100000US390975770899999,Oak Run Township (Madison),JURIS,2010,Wind,1,10.0
M100000US390975770899999,Oak Run Township (Madison),JURIS,2020,Solar,1,11.4
M100000US390975770899999,Oak Run Township (Madison),JURIS,2021,Solar,1,8.7
M100000US390975770899999,Oak Run Township (Madison),JURIS,2024,Solar,4,57.38
M100000US390415861899999,Orange Township (Delaware),JURIS,2012,Solar,1,7.7
M100000US390415861899999,Orange Township (Delaware),JURIS,2013,Solar,1,4.5
M100000US390415861899999,Orange Township (Delaware),JURIS,2015,Solar,3,22.5
M100000US390415861899999,Orange Township (Delaware),JURIS,2016,Solar,1,100.0
M100000US390415861899999,Orange Township (Delaware),JURIS,2017,Solar,1,7.6
M100000US390415861899999,Orange Township (Delaware),JURIS,2018,Solar,4,27.0
M100000US390415861899999,Orange Township (Delaware),JURIS,2019,Solar,11,59.91
M100000US390415861899999,Orange Township (Delaware),JURIS,2020,Solar,11,84.0
M100000US390415861899999,Orange Township (Delaware),JURIS,2021,Solar,23,183.858
M100000US390415861899999,Orange Township (Delaware),JURIS,2022,Energy Storage,2,12.56
M100000US390415861899999,Orange Township (Delaware),JURIS,2022,Solar,29,226.41
M100000US390415861899999,Orange Township (Delaware),JURIS,2023,Solar,35,253.04
M100000US390415861899999,Orange Township (Delaware),JURIS,2024,Solar,15,107.196
M100000US390415926299999,Oxford Township (Delaware),JURIS,2021,Solar,1,15.2
M100000US390415926299999,Oxford Township (Delaware),JURIS,2022,Solar,1,10.44
M100000US390475948699999,Paint Township (Fayette),JURIS,2021,Solar,1,13.53
M100000US390475948699999,Paint Township (Fayette),JURIS,2022,Solar,1,5.0
M100000US390475948699999,Paint Township (Fayette),JURIS,2023,Solar,1,10.0
M100000US390975952899999,Paint Township (Madison),JURIS,2017,Solar,1,7.2
M100000US390975952899999,Paint Township (Madison),JURIS,2023,Energy Storage,1,0.0
M100000US390975952899999,Paint Township (Madison),JURIS,2023,Solar,1,11.4
M100000US390975952899999,Paint Township (Madison),JURIS,2024,Solar,1,7.83
M100000US391595986499999,Paris Township (Union),JURIS,2022,Solar,1,17.39
0500000US39127,Perry County,JURIS,2013,Solar,1,
0500000US39127,Perry County,JURIS,2014,Solar,1,
0500000US39127,Perry County,JURIS,2015,Solar,4,
0500000US39127,Perry County,JURIS,2016,Solar,2,
0500000US39127,Perry County,JURIS,2018,Solar,5,
0500000US39127,Perry County,JURIS,2019,Solar,9,
0500000US39127,Perry County,JURIS,2020,Solar,8,
0500000US39127,Perry County,JURIS,2021,Solar,16,
0500000US39127,Perry County,JURIS,2022,Solar,19,
0500000US39127,Perry County,JURIS,2023,Solar,4,
0500000US39127,Perry County,JURIS,2024,Energy Storage,1,
0500000US39127,Perry County,JURIS,2024,Solar,8,
M100000US390496184099999,Perry Township (Franklin),JURIS,2012,Solar,1,4.7
M100000US390496184099999,Perry Township (Franklin),JURIS,2013,Solar,1,3.4
M100000US390496184099999,Perry Township (Franklin),JURIS,2016,Solar,1,10.0
M100000US390496184099999,Perry Township (Franklin),JURIS,2018,Solar,3,26.299999999999997
M100000US390496184099999,Perry Township (Franklin),JURIS,2019,Solar,1,5.0
M100000US390496184099999,Perry Township (Franklin),JURIS,2020,Solar,2,16.9
M100000US390496184099999,Perry Township (Franklin),JURIS,2021,Solar,3,27.93
M100000US390496184099999,Perry Township (Franklin),JURIS,2022,Solar,5,37.17
M100000US390496184099999,Perry Township (Franklin),JURIS,2023,Energy Storage,1,5.0
M100000US390496184099999,Perry Township (Franklin),JURIS,2023,Solar,4,31.201999999999998
M100000US390496184099999,Perry Township (Franklin),JURIS,2024,Solar,5,34.54
M100000US390896192499999,Perry Township (Licking),JURIS,2024,Solar,1,7.6
M100000US390916193899999,Perry Township (Logan),JURIS,2021,Solar,1,5.55
M100000US390916193899999,Perry Township (Logan),JURIS,2023,Solar,1,5.1
M100000US391176198099999,Perry Township (Morrow),JURIS,2015,Solar,1,5.0
M100000US391176198099999,Perry Township (Morrow),JURIS,2022,Solar,1,4.64
M100000US391176198099999,Perry Township (Morrow),JURIS,2023,Energy Storage,2,7.68
M100000US391176198099999,Perry Township (Morrow),JURIS,2023,Solar,1,12.47
M100000US391176198099999,Perry Township (Morrow),JURIS,2024,Solar,2,14.879999999999999
M100000US391296200899999,Perry Township (Pickaway),JURIS,2022,Solar,1,4.64
M100000US391176226099999,Peru Township (Morrow),JURIS,2023,Solar,1,6.48
0500000US39129,Pickaway County,JURIS,2012,Solar,1,
0500000US39129,Pickaway County,JURIS,2013,Solar,2,
0500000US39129,Pickaway County,JURIS,2016,Solar,1,
0500000US39129,Pickaway County,JURIS,2017,Solar,1,
0500000US39129,Pickaway County,JURIS,2018,Natural Gas/Propane,1,
0500000US39129,Pickaway County,JURIS,2018,Solar,2,
0500000US39129,Pickaway County,JURIS,2019,Solar,6,
0500000US39129,Pickaway County,JURIS,2020,Solar,5,
0500000US39129,Pickaway County,JURIS,2021,Energy Storage,2,
0500000US39129,Pickaway County,JURIS,2021,Solar,8,
0500000US39129,Pickaway County,JURIS,2022,Solar,9,
0500000US39129,Pickaway County,JURIS,2023,Energy Storage,1,
0500000US39129,Pickaway County,JURIS,2023,Solar,20,
0500000US39129,Pickaway County,JURIS,2024,Solar,10,
M100000US391296248499999,Pickaway Township (Pickaway),JURIS,2018,Natural Gas/Propane,1,15036.0
M100000US390836265299999,Pike Township (Knox),JURIS,2020,Solar,1,16.4
M100000US390836265299999,Pike Township (Knox),JURIS,2023,Solar,2,10.28
M100000US390976266699999,Pike Township (Madison),JURIS,2023,Solar,4,45.01
M100000US391276268099999,Pike Township (Perry),JURIS,2013,Solar,1,4.1
M100000US391276268099999,Pike Township (Perry),JURIS,2014,Solar,1,9.0
M100000US391276268099999,Pike Township (Perry),JURIS,2018,Solar,1,5.0
M100000US391276268099999,Pike Township (Perry),JURIS,2019,Solar,1,10.0
M100000US391276268099999,Pike Township (Perry),JURIS,2020,Solar,1,6.0
M100000US391276268099999,Pike Township (Perry),JURIS,2022,Solar,2,15.8
M100000US391276268099999,Pike Township (Perry),JURIS,2024,Solar,2,29.47
M100000US390496297499999,Plain Township (Franklin),JURIS,2011,Solar,1,27.282
M100000US390496297499999,Plain Township (Franklin),JURIS,2017,Solar,1,11.4
M100000US390496297499999,Plain Township (Franklin),JURIS,2019,Solar,1,7.6
M100000US390496297499999,Plain Township (Franklin),JURIS,2020,Solar,2,19.3
M100000US390496297499999,Plain Township (Franklin),JURIS,2021,Solar,4,31.900000000000002
M100000US390496297499999,Plain Township (Franklin),JURIS,2022,Solar,1,9.28
M100000US390496297499999,Plain Township (Franklin),JURIS,2023,Solar,1,6.0
M100000US390496297499999,Plain Township (Franklin),JURIS,2024,Solar,1,13.96
M100000US390456324099999,Pleasant Township (Fairfield),JURIS,2019,Solar,1,16.4
M100000US390456324099999,Pleasant Township (Fairfield),JURIS,2020,Solar,1,6.0
M100000US390456324099999,Pleasant Township (Fairfield),JURIS,2021,Solar,2,17.6
M100000US390456324099999,Pleasant Township (Fairfield),JURIS,2022,Solar,4,41.480000000000004
M100000US390456324099999,Pleasant Township (Fairfield),JURIS,2023,Solar,1,9.28
M100000US390456324099999,Pleasant Township (Fairfield),JURIS,2024,Solar,4,28.47
M100000US390496325499999,Pleasant Township (Franklin),JURIS,2011,Solar,1,2.0
M100000US390496325499999,Pleasant Township (Franklin),JURIS,2014,Solar,1,9.0
M100000US390496325499999,Pleasant Township (Franklin),JURIS,2015,Solar,1,13.6
M100000US390496325499999,Pleasant Township (Franklin),JURIS,2017,Solar,1,10.0
M100000US390496325499999,Pleasant Township (Franklin),JURIS,2018,Solar,2,15.3
M100000US390496325499999,Pleasant Township (Franklin),JURIS,2019,Solar,2,8.6
M100000US390496325499999,Pleasant Township (Franklin),JURIS,2020,Energy Storage,1,10.0
M100000US390496325499999,Pleasant Township (Franklin),JURIS,2020,Solar,5,57.2
M100000US390496325499999,Pleasant Township (Franklin),JURIS,2021,Solar,7,92.97
M100000US390496325499999,Pleasant Township (Franklin),JURIS,2022,Energy Storage,1,3.84
M100000US390496325499999,Pleasant Township (Franklin),JURIS,2022,Solar,12,94.42999999999999
M100000US390496325499999,Pleasant Township (Franklin),JURIS,2023,Energy Storage,1,3.84
M100000US390496325499999,Pleasant Township (Franklin),JURIS,2023,Solar,6,56.9
M100000US390496325499999,Pleasant Township (Franklin),JURIS,2024,Energy Storage,1,7.68
M100000US390496325499999,Pleasant Township (Franklin),JURIS,2024,Solar,5,60.2
M100000US390836331099999,Pleasant Township (Knox),JURIS,2015,Solar,2,16.0
M100000US390836331099999,Pleasant Township (Knox),JURIS,2019,Solar,1,5.0
M100000US390836331099999,Pleasant Township (Knox),JURIS,2020,Solar,1,9.5
M100000US390836331099999,Pleasant Township (Knox),JURIS,2021,Solar,1,6.67
M100000US390916332499999,Pleasant Township (Logan),JURIS,2019,Solar,1,3.8
M100000US390976333899999,Pleasant Township (Madison),JURIS,2013,Solar,1,14.5
M100000US390976333899999,Pleasant Township (Madison),JURIS,2016,Solar,1,7.6
M100000US390976333899999,Pleasant Township (Madison),JURIS,2019,Solar,2,19.6
M100000US390976333899999,Pleasant Township (Madison),JURIS,2020,Solar,2,9.48
M100000US390976333899999,Pleasant Township (Madison),JURIS,2021,Solar,1,4.35
M100000US390976333899999,Pleasant Township (Madison),JURIS,2022,Solar,2,17.89
M100000US390976333899999,Pleasant Township (Madison),JURIS,2023,Solar,3,26.89
M100000US390976333899999,Pleasant Township (Madison),JURIS,2024,Solar,1,16.24
M100000US391016335299999,Pleasant Township (Marion),JURIS,2009,Wind,1,2.4
M100000US391016335299999,Pleasant Township (Marion),JURIS,2011,Solar,1,6.0
M100000US391016335299999,Pleasant Township (Marion),JURIS,2011,Wind,1,2.4
M100000US391016335299999,Pleasant Township (Marion),JURIS,2014,Solar,1,5.0
M100000US391016335299999,Pleasant Township (Marion),JURIS,2017,Solar,1,9.3
M100000US391016335299999,Pleasant Township (Marion),JURIS,2018,Solar,2,12.6
M100000US391016335299999,Pleasant Township (Marion),JURIS,2019,Solar,3,20.8
M100000US391016335299999,Pleasant Township (Marion),JURIS,2020,Solar,2,12.0
M100000US391016335299999,Pleasant Township (Marion),JURIS,2021,Solar,2,19.57
M100000US391016335299999,Pleasant Township (Marion),JURIS,2022,Solar,8,52.669999999999995
M100000US391016335299999,Pleasant Township (Marion),JURIS,2024,Solar,3,25.84
M100000US391276336699999,Pleasant Township (Perry),JURIS,2018,Solar,1,5.0
M100000US391276336699999,Pleasant Township (Perry),JURIS,2020,Solar,1,6.4
M100000US391276336699999,Pleasant Township (Perry),JURIS,2021,Solar,1,7.6
M100000US390416417899999,Porter Township (Delaware),JURIS,2019,Solar,2,17.4
M100000US390416417899999,Porter Township (Delaware),JURIS,2020,Solar,1,6.0
M100000US390496457099999,Prairie Township (Franklin),JURIS,2009,Solar,1,12.2
M100000US390496457099999,Prairie Township (Franklin),JURIS,2011,Solar,1,30.0
M100000US390496457099999,Prairie Township (Franklin),JURIS,2015,Solar,1,6.0
M100000US390496457099999,Prairie Township (Franklin),JURIS,2016,Solar,1,6.0
M100000US390496457099999,Prairie Township (Franklin),JURIS,2017,Solar,2,14.5
M100000US390496457099999,Prairie Township (Franklin),JURIS,2019,Solar,1,3.8
M100000US390496457099999,Prairie Township (Franklin),JURIS,2020,Solar,4,25.1
M100000US390496457099999,Prairie Township (Franklin),JURIS,2021,Solar,15,123.67999999999999
M100000US390496457099999,Prairie Township (Franklin),JURIS,2022,Solar,23,144.58
M100000US390496457099999,Prairie Township (Franklin),JURIS,2023,Energy Storage,1,3.84
M100000US390496457099999,Prairie Township (Franklin),JURIS,2023,Solar,32,232.82
M100000US390496457099999,Prairie Township (Franklin),JURIS,2024,Solar,32,215.87
M100000US391016479499999,Prospect Township (Marion),JURIS,2016,Solar,1,10.0
M100000US391016479499999,Prospect Township (Marion),JURIS,2023,Solar,1,7.0
M100000US390416531299999,Radnor Township (Delaware),JURIS,2017,Solar,1,3.8
M100000US390416531299999,Radnor Township (Delaware),JURIS,2018,Solar,2,17.5
M100000US390416531299999,Radnor Township (Delaware),JURIS,2019,Solar,1,7.2
M100000US390416531299999,Radnor Township (Delaware),JURIS,2021,Solar,1,13.32
M100000US390416531299999,Radnor Township (Delaware),JURIS,2022,Solar,3,40.2
M100000US390416531299999,Radnor Township (Delaware),JURIS,2023,Energy Storage,1,10.0
M100000US390416531299999,Radnor Township (Delaware),JURIS,2023,Solar,1,8.73
M100000US390976548099999,Range Township (Madison),JURIS,2012,Solar,1,16.0
M100000US390976548099999,Range Township (Madison),JURIS,2018,Solar,1,7.6
M100000US390976548099999,Range Township (Madison),JURIS,2020,Solar,1,7.6
M100000US390976548099999,Range Township (Madison),JURIS,2021,Solar,1,10.15
M100000US391276576099999,Reading Township (Perry),JURIS,2021,Solar,2,20.36
M100000US390456668499999,Richland Township (Fairfield),JURIS,2019,Solar,1,9.8
M100000US390456668499999,Richland Township (Fairfield),JURIS,2021,Solar,1,4.2
M100000US390456668499999,Richland Township (Fairfield),JURIS,2023,Solar,1,8.12
M100000US390456668499999,Richland Township (Fairfield),JURIS,2024,Solar,2,18.41
M100000US390916674099999,Richland Township (Logan),JURIS,2012,Solar,1,1.7
M100000US390916674099999,Richland Township (Logan),JURIS,2022,Solar,1,16.7
M100000US390916674099999,Richland Township (Logan),JURIS,2023,Solar,1,12.47
M100000US391016675499999,Richland Township (Marion),JURIS,2015,Solar,1,4.0
M100000US391016675499999,Richland Township (Marion),JURIS,2017,Solar,1,11.0
M100000US391016675499999,Richland Township (Marion),JURIS,2021,Solar,3,16.98
M100000US391016675499999,Richland Township (Marion),JURIS,2022,Solar,1,7.6
M100000US391016675499999,Richland Township (Marion),JURIS,2023,Solar,1,11.6
0500000US39141,Ross County,JURIS,2007,Solar,1,
0500000US39141,Ross County,JURIS,2011,Solar,1,
0500000US39141,Ross County,JURIS,2013,Biofuel,1,
0500000US39141,Ross County,JURIS,2013,Solar,1,
0500000US39141,Ross County,JURIS,2015,Solar,6,
0500000US39141,Ross County,JURIS,2018,Solar,5,
0500000US39141,Ross County,JURIS,2019,Solar,11,
0500000US39141,Ross County,JURIS,2020,Solar,12,
0500000US39141,Ross County,JURIS,2021,Solar,19,
0500000US39141,Ross County,JURIS,2022,Energy Storage,2,
0500000US39141,Ross County,JURIS,2022,Solar,22,
0500000US39141,Ross County,JURIS,2023,Solar,18,
0500000US39141,Ross County,JURIS,2024,Solar,22,
M100000US390456912099999,Rush Creek Township (Fairfield),JURIS,2015,Solar,1,4.7
M100000US390456912099999,Rush Creek Township (Fairfield),JURIS,2018,Solar,1,11.2
M100000US390916913499999,Rushcreek Township (Logan),JURIS,2017,Solar,1,12.0
M100000US390916913499999,Rushcreek Township (Logan),JURIS,2019,Solar,1,7.6
M100000US390916913499999,Rushcreek Township (Logan),JURIS,2020,Solar,3,21.2
M100000US390916913499999,Rushcreek Township (Logan),JURIS,2021,Solar,1,6.72
M100000US390916913499999,Rushcreek Township (Logan),JURIS,2023,Solar,1,5.1
M100000US391277022699999,Salt Lick Township (Perry),JURIS,2021,Solar,2,15.14
M100000US390417084299999,Scioto Township (Delaware),JURIS,2009,Wind,1,10.0
M100000US390417084299999,Scioto Township (Delaware),JURIS,2016,Solar,1,6.0
M100000US390417084299999,Scioto Township (Delaware),JURIS,2017,Solar,1,20.0
M100000US390417084299999,Scioto Township (Delaware),JURIS,2019,Solar,1,3.8
M100000US390417084299999,Scioto Township (Delaware),JURIS,2022,Solar,1,15.356
M100000US390417084299999,Scioto Township (Delaware),JURIS,2023,Solar,1,11.4
M100000US390417084299999,Scioto Township (Delaware),JURIS,2024,Solar,1,14.0
M100000US391297087099999,Scioto Township (Pickaway),JURIS,2012,Solar,1,4.8
M100000US391297087099999,Scioto Township (Pickaway),JURIS,2013,Solar,2,14.0
M100000US391297087099999,Scioto Township (Pickaway),JURIS,2016,Solar,1,6.0
M100000US391297087099999,Scioto Township (Pickaway),JURIS,2017,Solar,1,6.0
M100000US391297087099999,Scioto Township (Pickaway),JURIS,2018,Solar,1,4.7
M100000US391297087099999,Scioto Township (Pickaway),JURIS,2019,Solar,2,17.5
M100000US391297087099999,Scioto Township (Pickaway),JURIS,2020,Solar,1,6.0
M100000US391297087099999,Scioto Township (Pickaway),JURIS,2021,Energy Storage,1,3.84
M100000US391297087099999,Scioto Township (Pickaway),JURIS,2021,Solar,4,49.245
M100000US391297087099999,Scioto Township (Pickaway),JURIS,2022,Solar,2,25.200000000000003
M100000US391297087099999,Scioto Township (Pickaway),JURIS,2023,Energy Storage,1,4.8
M100000US391297087099999,Scioto Township (Pickaway),JURIS,2023,Solar,6,56.28
M100000US391297087099999,Scioto Township (Pickaway),JURIS,2024,Solar,3,18.05
M100000US391417089899999,Scioto Township (Ross),JURIS,2018,Solar,1,10.0
M100000US391417089899999,Scioto Township (Ross),JURIS,2020,Solar,1,4.3
M100000US391417089899999,Scioto Township (Ross),JURIS,2021,Solar,2,14.6
M100000US391417089899999,Scioto Township (Ross),JURIS,2024,Solar,2,13.129999999999999
M100000US391017107399999,Scott Township (Marion),JURIS,2019,Solar,1,7.6
M100000US390497178799999,Sharon Township (Franklin),JURIS,2009,Solar,1,0.3
M100000US390497178799999,Sharon Township (Franklin),JURIS,2011,Solar,1,4.4
M100000US390497178799999,Sharon Township (Franklin),JURIS,2017,Solar,1,7.6
M100000US390497178799999,Sharon Township (Franklin),JURIS,2018,Solar,1,3.7
M100000US390497178799999,Sharon Township (Franklin),JURIS,2020,Solar,1,7.6
M100000US390497178799999,Sharon Township (Franklin),JURIS,2021,Solar,2,13.5
M100000US390497178799999,Sharon Township (Franklin),JURIS,2022,Solar,1,5.22
M100000US390497178799999,Sharon Township (Franklin),JURIS,2023,Energy Storage,1,3.4
M100000US390497178799999,Sharon Township (Franklin),JURIS,2023,Solar,8,46.0
M100000US390497178799999,Sharon Township (Franklin),JURIS,2024,Solar,4,18.27
M100000US390977296099999,Somerford Township (Madison),JURIS,2011,Solar,1,19.64
M100000US390977296099999,Somerford Township (Madison),JURIS,2012,Solar,1,3.0
M100000US390977296099999,Somerford Township (Madison),JURIS,2014,Solar,1,6.0
M100000US390977296099999,Somerford Township (Madison),JURIS,2017,Solar,1,8.6
M100000US390977296099999,Somerford Township (Madison),JURIS,2018,Solar,1,6.0
M100000US390977296099999,Somerford Township (Madison),JURIS,2019,Solar,4,41.36
M100000US390977296099999,Somerford Township (Madison),JURIS,2020,Solar,2,13.11
M100000US390977296099999,Somerford Township (Madison),JURIS,2021,Solar,1,11.4
M100000US390977296099999,Somerford Township (Madison),JURIS,2022,Solar,5,38.56
M100000US390977296099999,Somerford Township (Madison),JURIS,2024,Solar,2,19.04
M100000US391177306199999,South Bloomfield Township (Morrow),JURIS,2018,Solar,1,3.8
M100000US391417412999999,Springfield Township (Ross),JURIS,2021,Solar,1,14.8
M100000US391417412999999,Springfield Township (Ross),JURIS,2023,Solar,1,3.06
M100000US391417412999999,Springfield Township (Ross),JURIS,2024,Solar,1,8.12
M100000US390896945699999,St. Albans Township (Licking),JURIS,2010,Wind,1,2.4
M100000US390896945699999,St. Albans Township (Licking),JURIS,2014,Solar,1,12.0
M100000US390896945699999,St. Albans Township (Licking),JURIS,2016,Solar,1,3.8
M100000US390896945699999,St. Albans Township (Licking),JURIS,2017,Solar,3,27.2
M100000US390896945699999,St. Albans Township (Licking),JURIS,2018,Solar,2,32.16
M100000US390896945699999,St. Albans Township (Licking),JURIS,2019,Solar,3,38.8
M100000US390896945699999,St. Albans Township (Licking),JURIS,2020,Energy Storage,1,15.0
M100000US390896945699999,St. Albans Township (Licking),JURIS,2021,Solar,1,9.6
M100000US390896945699999,St. Albans Township (Licking),JURIS,2022,Solar,4,39.9
M100000US390896945699999,St. Albans Township (Licking),JURIS,2023,Solar,3,37.88
M100000US390896945699999,St. Albans Township (Licking),JURIS,2024,Solar,2,6.67
M100000US390737440599999,Starr Township (Hocking),JURIS,2011,Solar,1,6.0
M100000US390737440599999,Starr Township (Hocking),JURIS,2015,Solar,1,10.0
M100000US390737440599999,Starr Township (Hocking),JURIS,2018,Solar,1,6.0
M100000US390737440599999,Starr Township (Hocking),JURIS,2020,Solar,1,6.0
M100000US390737440599999,Starr Township (Hocking),JURIS,2023,Solar,1,5.584
M100000US390737440599999,Starr Township (Hocking),JURIS,2024,Solar,1,9.074
M100000US390917478099999,Stokes Township (Logan),JURIS,2010,Wind,1,4.0
M100000US390917478099999,Stokes Township (Logan),JURIS,2024,Solar,1,4.1
M100000US390977478499999,Stokes Township (Madison),JURIS,2019,Solar,1,3.8
M100000US390977478499999,Stokes Township (Madison),JURIS,2022,Solar,1,10.0
M100000US391597619499999,Taylor Township (Union),JURIS,2011,Solar,1,4.255
M100000US391597619499999,Taylor Township (Union),JURIS,2017,Solar,1,11.4
M100000US391597619499999,Taylor Township (Union),JURIS,2022,Solar,1,7.6
M100000US391277665999999,Thorn Township (Perry),JURIS,2015,Solar,1,12.0
M100000US391277665999999,Thorn Township (Perry),JURIS,2016,Solar,2,13.8
M100000US391277665999999,Thorn Township (Perry),JURIS,2018,Solar,1,3.8
M100000US391277665999999,Thorn Township (Perry),JURIS,2021,Solar,3,28.273
M100000US391277665999999,Thorn Township (Perry),JURIS,2022,Solar,2,10.149999999999999
M100000US391277665999999,Thorn Township (Perry),JURIS,2024,Solar,1,9.75
M100000US390417733699999,Trenton Township (Delaware),JURIS,2013,Energy Storage,1,4000.0
M100000US390417733699999,Trenton Township (Delaware),JURIS,2015,Solar,1,5.5
M100000US390417733699999,Trenton Township (Delaware),JURIS,2016,Solar,1,15.2
M100000US390417733699999,Trenton Township (Delaware),JURIS,2020,Solar,5,80.3
M100000US390417733699999,Trenton Township (Delaware),JURIS,2021,Energy Storage,1,7.68
M100000US390417733699999,Trenton Township (Delaware),JURIS,2021,Solar,3,42.27
M100000US390417733699999,Trenton Township (Delaware),JURIS,2022,Solar,2,19.82
M100000US390417733699999,Trenton Township (Delaware),JURIS,2023,Solar,2,25.32
M100000US390417733699999,Trenton Township (Delaware),JURIS,2024,Solar,3,19.591
M100000US390417756099999,Troy Township (Delaware),JURIS,2014,Solar,1,6.0
M100000US390417756099999,Troy Township (Delaware),JURIS,2015,Solar,1,10.0
M100000US390417756099999,Troy Township (Delaware),JURIS,2016,Solar,3,24.8
M100000US390417756099999,Troy Township (Delaware),JURIS,2018,Solar,1,15.2
M100000US390417756099999,Troy Township (Delaware),JURIS,2019,Solar,5,58.7
M100000US390417756099999,Troy Township (Delaware),JURIS,2020,Solar,1,12.2
M100000US390417756099999,Troy Township (Delaware),JURIS,2021,Solar,1,7.6
M100000US390417756099999,Troy Township (Delaware),JURIS,2022,Solar,1,11.6
M100000US390417756099999,Troy Township (Delaware),JURIS,2023,Solar,3,26.13
M100000US390497771499999,Truro Township (Franklin),JURIS,2019,Solar,2,6.0
M100000US390497771499999,Truro Township (Franklin),JURIS,2020,Solar,1,4.8
M100000US390497771499999,Truro Township (Franklin),JURIS,2021,Solar,1,7.24
M100000US390497771499999,Truro Township (Franklin),JURIS,2022,Solar,3,15.3
M100000US390497771499999,Truro Township (Franklin),JURIS,2023,Solar,5,31.63
M100000US390497771499999,Truro Township (Franklin),JURIS,2024,Solar,4,22.42
M100000US391017774299999,Tully Township (Marion),JURIS,2015,Solar,1,18.0
M100000US391417800899999,Twin Township (Ross),JURIS,2015,Solar,2,20.799999999999997
M100000US391417800899999,Twin Township (Ross),JURIS,2020,Solar,3,22.6
M100000US391417800899999,Twin Township (Ross),JURIS,2021,Solar,1,11.4
M100000US391417800899999,Twin Township (Ross),JURIS,2022,Energy Storage,1,3.84
M100000US391417800899999,Twin Township (Ross),JURIS,2022,Solar,3,31.22
M100000US391417800899999,Twin Township (Ross),JURIS,2023,Solar,2,14.32
M100000US391417800899999,Twin Township (Ross),JURIS,2024,Solar,3,43.78
0500000US39159,Union County,JURIS,2011,Solar,2,
0500000US39159,Union County,JURIS,2015,Solar,1,
0500000US39159,Union County,JURIS,2016,Solar,1,
0500000US39159,Union County,JURIS,2017,Solar,2,
0500000US39159,Union County,JURIS,2018,Solar,4,
0500000US39159,Union County,JURIS,2019,Solar,8,
0500000US39159,Union County,JURIS,2020,Solar,9,
0500000US39159,Union County,JURIS,2021,Solar,13,
0500000US39159,Union County,JURIS,2022,Energy Storage,2,
0500000US39159,Union County,JURIS,2022,Solar,28,
0500000US39159,Union County,JURIS,2023,Solar,37,
0500000US39159,Union County,JURIS,2024,Solar,30,
M100000US390477831699999,Union Township (Fayette),JURIS,2011,Solar,1,42.0
M100000US390477831699999,Union Township (Fayette),JURIS,2012,Solar,1,5.59
M100000US390477831699999,Union Township (Fayette),JURIS,2019,Solar,1,3.3
M100000US390477831699999,Union Township (Fayette),JURIS,2020,Solar,2,14.32
M100000US390477831699999,Union Township (Fayette),JURIS,2021,Solar,2,13.68
M100000US390477831699999,Union Township (Fayette),JURIS,2022,Solar,2,29.0
M100000US390837835899999,Union Township (Knox),JURIS,2021,Solar,1,7.6
M100000US390837835899999,Union Township (Knox),JURIS,2023,Solar,1,10.0
M100000US390837835899999,Union Township (Knox),JURIS,2024,Solar,1,11.168
M100000US390897840099999,Union Township (Licking),JURIS,2013,Solar,1,10.2
M100000US390897840099999,Union Township (Licking),JURIS,2015,Solar,1,7.6
M100000US390897840099999,Union Township (Licking),JURIS,2019,Solar,2,19.8
M100000US390897840099999,Union Township (Licking),JURIS,2020,Solar,2,17.2
M100000US390897840099999,Union Township (Licking),JURIS,2021,Solar,4,50.305
M100000US390897840099999,Union Township (Licking),JURIS,2022,Solar,4,44.75
M100000US390897840099999,Union Township (Licking),JURIS,2023,Solar,4,49.22
M100000US390897840099999,Union Township (Licking),JURIS,2024,Solar,3,36.214
M100000US390977842899999,Union Township (Madison),JURIS,2010,Solar,1,73.04
M100000US390977842899999,Union Township (Madison),JURIS,2010,Wind,1,4.0
M100000US390977842899999,Union Township (Madison),JURIS,2011,Solar,2,18.119999999999997
M100000US390977842899999,Union Township (Madison),JURIS,2020,Solar,2,21.8
M100000US390977842899999,Union Township (Madison),JURIS,2021,Solar,1,9.28
M100000US390977842899999,Union Township (Madison),JURIS,2023,Solar,3,16.53
M100000US391417854099999,Union Township (Ross),JURIS,2013,Biofuel,1,400.0
M100000US391417854099999,Union Township (Ross),JURIS,2019,Solar,2,16.6
M100000US391417854099999,Union Township (Ross),JURIS,2020,Solar,2,19.0
M100000US391417854099999,Union Township (Ross),JURIS,2021,Solar,1,7.6
M100000US391417854099999,Union Township (Ross),JURIS,2022,Solar,1,6.0
M100000US391417854099999,Union Township (Ross),JURIS,2023,Solar,2,16.52
M100000US391417854099999,Union Township (Ross),JURIS,2024,Solar,5,38.3
M100000US391597858299999,Union Township (Union),JURIS,2017,Solar,1,14.0
M100000US391597858299999,Union Township (Union),JURIS,2020,Solar,1,14.4
M100000US391597858299999,Union Township (Union),JURIS,2022,Solar,1,12.0
M100000US391597858299999,Union Township (Union),JURIS,2023,Solar,1,8.17
M100000US390458020699999,Violet Township (Fairfield),JURIS,2018,Solar,1,3.8
M100000US390458020699999,Violet Township (Fairfield),JURIS,2019,Solar,1,6.6
M100000US390458020699999,Violet Township (Fairfield),JURIS,2021,Solar,1,6.6
M100000US390458020699999,Violet Township (Fairfield),JURIS,2022,Solar,2,11.31
M100000US390458020699999,Violet Township (Fairfield),JURIS,2024,Solar,4,39.11
M100000US391018051499999,Waldo Township (Marion),JURIS,2016,Solar,1,16.2
M100000US391018051499999,Waldo Township (Marion),JURIS,2018,Solar,1,6.0
M100000US391018051499999,Waldo Township (Marion),JURIS,2020,Solar,1,3.6
M100000US391018051499999,Waldo Township (Marion),JURIS,2021,Solar,1,10.0
M100000US391018051499999,Waldo Township (Marion),JURIS,2022,Solar,1,21.4
M100000US391018051499999,Waldo Township (Marion),JURIS,2023,Solar,1,5.76
M100000US390458057099999,Walnut Township (Fairfield),JURIS,2010,Solar,1,3.0
M100000US390458057099999,Walnut Township (Fairfield),JURIS,2012,Solar,1,9.0
M100000US390458057099999,Walnut Township (Fairfield),JURIS,2012,Wind,1,1.5
M100000US390458057099999,Walnut Township (Fairfield),JURIS,2013,Solar,1,4.5
M100000US390458057099999,Walnut Township (Fairfield),JURIS,2015,Solar,1,13.6
M100000US390458057099999,Walnut Township (Fairfield),JURIS,2018,Solar,1,7.6
M100000US390458057099999,Walnut Township (Fairfield),JURIS,2019,Solar,2,24.380000000000003
M100000US390458057099999,Walnut Township (Fairfield),JURIS,2021,Solar,4,35.73
M100000US390458057099999,Walnut Township (Fairfield),JURIS,2022,Solar,3,27.689999999999998
M100000US390458057099999,Walnut Township (Fairfield),JURIS,2023,Solar,4,25.63
M100000US390738078099999,Ward Township (Hocking),JURIS,2023,Solar,1,4.06
M100000US390498124299999,Washington Township (Franklin),JURIS,2021,Solar,1,13.2
M100000US390498124299999,Washington Township (Franklin),JURIS,2023,Solar,1,15.2
M100000US390738135499999,Washington Township (Hocking),JURIS,2019,Solar,1,6.0
M100000US390738135499999,Washington Township (Hocking),JURIS,2020,Solar,1,5.0
M100000US390898141099999,Washington Township (Licking),JURIS,2022,Solar,2,18.33
M100000US390918142499999,Washington Township (Logan),JURIS,2015,Solar,1,8.0
M100000US390918142499999,Washington Township (Logan),JURIS,2024,Solar,1,15.5
M100000US391178150899999,Washington Township (Morrow),JURIS,2009,Wind,2,35.4
M100000US391178150899999,Washington Township (Morrow),JURIS,2019,Solar,2,7.4
M100000US391178150899999,Washington Township (Morrow),JURIS,2022,Solar,1,7.25
M100000US391178150899999,Washington Township (Morrow),JURIS,2023,Solar,1,12.68
M100000US391178150899999,Washington Township (Morrow),JURIS,2024,Solar,2,9.559999999999999
M100000US391598166299999,Washington Township (Union),JURIS,2020,Solar,1,6.0
M100000US391598166299999,Washington Township (Union),JURIS,2022,Solar,1,2.32
M100000US390478216699999,Wayne Township (Fayette),JURIS,2019,Solar,2,8.3
M100000US390478216699999,Wayne Township (Fayette),JURIS,2022,Solar,2,17.11
M100000US390478216699999,Wayne Township (Fayette),JURIS,2023,Solar,1,7.0
M100000US390478216699999,Wayne Township (Fayette),JURIS,2024,Solar,1,12.8
M100000US390838219499999,Wayne Township (Knox),JURIS,2019,Solar,1,11.4
M100000US390838219499999,Wayne Township (Knox),JURIS,2022,Solar,1,20.16
M100000US390838219499999,Wayne Township (Knox),JURIS,2023,Solar,1,10.44
M100000US391178345499999,Westfield Township (Morrow),JURIS,2019,Solar,1,7.4
M100000US391178345499999,Westfield Township (Morrow),JURIS,2020,Solar,1,5.4
M100000US391178345499999,Westfield Township (Morrow),JURIS,2021,Solar,1,14.8
M100000US391598712299999,York Township (Union),JURIS,2019,Solar,1,7.6
M100000US391598712299999,York Township (Union),JURIS,2021,Solar,1,22.5
M100000US391598712299999,York Township (Union),JURIS,2024,Solar,1,23.0
M100000US390918804299999,Zane Township (Logan),JURIS,2013,Solar,1,9.46
M100000US390918804299999,Zane Township (Logan),JURIS,2018,Solar,1,15.2
M100000US390918804299999,Zane Township (Logan),JURIS,2019,Solar,2,11.780000000000001
M100000US390918804299999,Zane Township (Logan),JURIS,2020,Solar,1,6.3
M100000US390918804299999,Zane Township (Logan),JURIS,2021,Solar,1,3.48
M100000US390918804299999,Zane Township (Logan),JURIS,2022,Solar,1,11.52
0500000US39049,Franklin County,REGION15,2007,Solar,2,
0500000US39049,Franklin County,REGION15,2008,Solar,1,
0500000US39049,Franklin County,REGION15,2009,Solar,5,
0500000US39049,Franklin County,REGION15,2010,Solar,21,
0500000US39049,Franklin County,REGION15,2010,Wind,1,
0500000US39049,Franklin County,REGION15,2011,Solar,33,
0500000US39049,Franklin County,REGION15,2012,Solar,22,
0500000US39049,Franklin County,REGION15,2013,Solar,40,
0500000US39049,Franklin County,REGION15,2013,Wind,1,
0500000US39049,Franklin County,REGION15,2014,Solar,22,
0500000US39049,Franklin County,REGION15,2015,Natural Gas/Propane,1,
0500000US39049,Franklin County,REGION15,2015,Solar,52,
0500000US39049,Franklin County,REGION15,2016,Solar,63,
0500000US39049,Franklin County,REGION15,2017,Energy Storage,1,
0500000US39049,Franklin County,REGION15,2017,Solar,100,
0500000US39049,Franklin County,REGION15,2018,Solar,114,
0500000US39049,Franklin County,REGION15,2019,Energy Storage,1,
0500000US39049,Franklin County,REGION15,2019,Solar,267,
0500000US39049,Franklin County,REGION15,2020,Energy Storage,3,
0500000US39049,Franklin County,REGION15,2020,Solar,407,
0500000US39049,Franklin County,REGION15,2021,Energy Storage,7,
0500000US39049,Franklin County,REGION15,2021,Solar,708,
0500000US39049,Franklin County,REGION15,2022,Energy Storage,15,
0500000US39049,Franklin County,REGION15,2022,Solar,912,
0500000US39049,Franklin County,REGION15,2023,Energy Storage,53,
0500000US39049,Franklin County,REGION15,2023,Natural Gas/Propane,1,
0500000US39049,Franklin County,REGION15,2023,Solar,1310,
0500000US39049,Franklin County,REGION15,2024,Energy Storage,20,
0500000US39049,Franklin County,REGION15,2024,Solar,1505,
0500000US39073,Hocking County,REGION15,2005,Solar,1,
0500000US39073,Hocking County,REGION15,2005,Wind,2,
0500000US39073,Hocking County,REGION15,2010,Solar,2,
0500000US39073,Hocking County,REGION15,2010,Wind,1,
0500000US39073,Hocking County,REGION15,2011,Solar,3,
0500000US39073,Hocking County,REGION15,2012,Solar,1,
0500000US39073,Hocking County,REGION15,2013,Solar,2,
0500000US39073,Hocking County,REGION15,2014,Solar,2,
0500000US39073,Hocking County,REGION15,2015,Solar,1,
0500000US39073,Hocking County,REGION15,2016,Solar,1,
0500000US39073,Hocking County,REGION15,2017,Solar,1,
0500000US39073,Hocking County,REGION15,2018,Solar,7,
0500000US39073,Hocking County,REGION15,2019,Solar,17,
M100000US3964486,Powell,REGION15,2012,Solar,,70.0
M100000US3964486,Powell,REGION15,2013,Solar,,6.6
M100000US3964486,Powell,REGION15,2018,Solar,,6.0
M100000US3964486,Powell,REGION15,2019,Solar,,26.0
M100000US3964486,Powell,REGION15,2020,Solar,,50.099999999999994
M100000US3964486,Powell,REGION15,2021,Solar,,53.05
M100000US3964486,Powell,REGION15,2022,Solar,,138.0
M100000US3964486,Powell,REGION15,2023,Energy Storage,,21.0
M100000US3964486,Powell,REGION15,2023,Solar,,149.35
M100000US3964486,Powell,REGION15,2024,Solar,,81.048
M100000US3965200,Quincy,REGION15,2020,Solar,,5.76
M100000US3965200,Quincy,REGION15,2022,Solar,,13.46
M100000US3965200,Quincy,REGION15,2023,Solar,,13.3
M100000US3966390,Reynoldsburg,REGION15,2010,Solar,,6.62
M100000US3966390,Reynoldsburg,REGION15,2011,Solar,,24.0
M100000US3966390,Reynoldsburg,REGION15,2014,Solar,,14.3
M100000US3966390,Reynoldsburg,REGION15,2015,Solar,,3.0
M100000US3966390,Reynoldsburg,REGION15,2016,Solar,,7.6
M100000US3966390,Reynoldsburg,REGION15,2017,Solar,,5.0
M100000US3966390,Reynoldsburg,REGION15,2018,Solar,,7.59
M100000US3966390,Reynoldsburg,REGION15,2019,Solar,,68.4
M100000US3966390,Reynoldsburg,REGION15,2020,Solar,,111.36
M100000US3966390,Reynoldsburg,REGION15,2021,Energy Storage,,2.56
M100000US3966390,Reynoldsburg,REGION15,2021,Solar,,273.825
M100000US3966390,Reynoldsburg,REGION15,2022,Solar,,214.48
M100000US3966390,Reynoldsburg,REGION15,2023,Energy Storage,,5.0
M100000US3966390,Reynoldsburg,REGION15,2023,Solar,,253.535
M100000US3966390,Reynoldsburg,REGION15,2024,Solar,,443.665
M100000US3966936,Richwood,REGION15,2019,Solar,,6.359999999999999
M100000US3966936,Richwood,REGION15,2021,Solar,,7.25
M100000US3966936,Richwood,REGION15,2022,Energy Storage,,0.0
M100000US3966936,Richwood,REGION15,2022,Solar,,17.75
M100000US3967440,Riverlea,REGION15,2019,Solar,,11.0
M100000US3967440,Riverlea,REGION15,2020,Solar,,9.3
M100000US3967440,Riverlea,REGION15,2021,Solar,,16.82
M100000US3968560,Roseville,REGION15,2019,Solar,,3.8
M100000US3968560,Roseville,REGION15,2024,Solar,,4.48
M100000US3969176,Rushsylvania,REGION15,2023,Solar,,5.76
M100000US3969204,Rushville,REGION15,2021,Solar,,7.6
M010000US001,15-County Region,,2000,Wind,,10.0
M010000US001,15-County Region,,2001,Wind,,18.0
M010000US001,15-County Region,,2004,Wind,,1.0
M010000US001,15-County Region,,2005,Solar,,1.65
M010000US001,15-County Region,,2005,Wind,,8.0
M010000US001,15-County Region,,2006,Solar,,13.86
M010000US001,15-County Region,,2007,Solar,,32.65
M010000US001,15-County Region,,2008,Solar,,69.3
M010000US001,15-County Region,,2008,Wind,,1.8
M010000US001,15-County Region,,2009,Solar,,77.4
M010000US001,15-County Region,,2009,Wind,,47.8
M010000US001,15-County Region,,2010,Solar,,518.3100000000001
M010000US001,15-County Region,,2010,Wind,,161.8
M010000US001,15-County Region,,2011,Solar,,1817.347
M010000US001,15-County Region,,2011,Wind,,2.4
M010000US001,15-County Region,,2012,Solar,,6857.23
M010000US001,15-County Region,,2012,Wind,,1.5
M010000US001,15-County Region,,2013,Biofuel,,400.0
M010000US001,15-County Region,,2013,Energy Storage,,4000.0
M010000US001,15-County Region,,2013,Solar,,1650.355
M010000US001,15-County Region,,2013,Wind,,30.0
M010000US001,15-County Region,,2014,Solar,,2255.857
M010000US001,15-County Region,,2015,Natural Gas/Propane,,248.0
M010000US001,15-County Region,,2015,Solar,,1468.115
M010000US001,15-County Region,,2016,Solar,,1664.465
M010000US001,15-County Region,,2017,Energy Storage,,100.0
M010000US001,15-County Region,,2017,Solar,,5091.62
M010000US001,15-County Region,,2017,Waste Gas,,3500.0
M010000US001,15-County Region,,2018,Natural Gas/Propane,,15036.0
M010000US001,15-County Region,,2018,Solar,,2578.925
M010000US001,15-County Region,,2018,Wind,,4500.0
M010000US001,15-County Region,,2019,Energy Storage,,250.0
M010000US001,15-County Region,,2019,Solar,,15198.51
M010000US001,15-County Region,,2020,Energy Storage,,600.0
M010000US001,15-County Region,,2020,Solar,,5002.375
M010000US001,15-County Region,,2021,Energy Storage,,78.28
M010000US001,15-County Region,,2021,Solar,,8620.972
M010000US001,15-County Region,,2022,Energy Storage,,142.76
M010000US001,15-County Region,,2022,Solar,,10548.826
M010000US001,15-County Region,,2023,Energy Storage,,438.67
M010000US001,15-County Region,,2023,Natural Gas/Propane,,4804.0
M010000US001,15-County Region,,2023,Solar,,23851.512
M010000US001,15-County Region,,2024,Energy Storage,,1668.74
M010000US001,15-County Region,,2024,Solar,,21017.826
0500000US39041,Delaware County,,2004,Wind,,1.0
0500000US39041,Delaware County,,2006,Solar,,6.720000000000001
0500000US39041,Delaware County,,2009,Solar,,14.850000000000001
0500000US39041,Delaware County,,2009,Wind,,10.0
0500000US39041,Delaware County,,2010,Solar,,10.0
0500000US39041,Delaware County,,2010,Wind,,15.0
0500000US39041,Delaware County,,2012,Solar,,84.7
0500000US39041,Delaware County,,2013,Energy Storage,,4000.0
0500000US39041,Delaware County,,2013,Solar,,72.895
0500000US39041,Delaware County,,2014,Solar,,561.8
0500000US39041,Delaware County,,2015,Solar,,135.1
0500000US39041,Delaware County,,2016,Solar,,232.1
0500000US39041,Delaware County,,2017,Solar,,1238.5
0500000US39041,Delaware County,,2018,Solar,,275.6
0500000US39041,Delaware County,,2019,Solar,,11823.810000000001
0500000US39041,Delaware County,,2020,Energy Storage,,565.0
0500000US39041,Delaware County,,2020,Solar,,779.7
0500000US39041,Delaware County,,2021,Energy Storage,,17.68
0500000US39041,Delaware County,,2021,Solar,,988.529
0500000US39041,Delaware County,,2022,Energy Storage,,21.52
0500000US39041,Delaware County,,2022,Solar,,1369.026
0500000US39041,Delaware County,,2023,Energy Storage,,75.68
0500000US39041,Delaware County,,2023,Solar,,1884.959
0500000US39041,Delaware County,,2024,Energy Storage,,1049.6799999999998
0500000US39041,Delaware County,,2024,Solar,,2559.572
0500000US39045,Fairfield County,,2010,Solar,,18.4
0500000US39045,Fairfield County,,2011,Solar,,38.7
0500000US39045,Fairfield County,,2012,Solar,,21.0
0500000US39045,Fairfield County,,2012,Wind,,1.5
0500000US39045,Fairfield County,,2013,Solar,,32.4
0500000US39045,Fairfield County,,2015,Solar,,18.3
0500000US39045,Fairfield County,,2016,Solar,,23.6
0500000US39045,Fairfield County,,2017,Solar,,50.0
0500000US39045,Fairfield County,,2018,Solar,,32.0
0500000US39045,Fairfield County,,2019,Solar,,156.88
0500000US39045,Fairfield County,,2020,Solar,,131.3
0500000US39045,Fairfield County,,2021,Solar,,266.945
0500000US39045,Fairfield County,,2022,Energy Storage,,3.84
0500000US39045,Fairfield County,,2022,Solar,,341.29
0500000US39045,Fairfield County,,2023,Energy Storage,,7.24
0500000US39045,Fairfield County,,2023,Solar,,337.45
0500000US39045,Fairfield County,,2024,Energy Storage,,442.0
0500000US39045,Fairfield County,,2024,Solar,,538.73
0500000US39047,Fayette County,,2009,Solar,,7.05
0500000US39047,Fayette County,,2010,Solar,,7.0
0500000US39047,Fayette County,,2011,Solar,,332.0
0500000US39047,Fayette County,,2012,Solar,,49.69
0500000US39047,Fayette County,,2014,Solar,,15.54
0500000US39047,Fayette County,,2015,Solar,,21.095
0500000US39047,Fayette County,,2016,Solar,,6.0
0500000US39047,Fayette County,,2018,Solar,,13.54
0500000US39047,Fayette County,,2019,Solar,,56.435
0500000US39047,Fayette County,,2020,Solar,,44.44
0500000US39047,Fayette County,,2021,Solar,,108.54
0500000US39047,Fayette County,,2022,Solar,,117.89999999999999
0500000US39047,Fayette County,,2023,Solar,,70.91
0500000US39047,Fayette County,,2024,Solar,,101.668
0500000US39049,Franklin County,,2000,Wind,,10.0
0500000US39049,Franklin County,,2001,Wind,,18.0
0500000US39049,Franklin County,,2006,Solar,,4.640000000000001
0500000US39049,Franklin County,,2007,Solar,,23.65
0500000US39049,Franklin County,,2008,Solar,,1.3
0500000US39049,Franklin County,,2009,Solar,,51.9
0500000US39049,Franklin County,,2010,Solar,,365.47
0500000US39049,Franklin County,,2010,Wind,,100.0
0500000US39049,Franklin County,,2011,Solar,,1159.102
0500000US39049,Franklin County,,2012,Solar,,2098.18
0500000US39049,Franklin County,,2013,Solar,,1292.1
0500000US39049,Franklin County,,2013,Wind,,30.0
0500000US39049,Franklin County,,2014,Solar,,161.517
0500000US39049,Franklin County,,2015,Natural Gas/Propane,,248.0
0500000US39049,Franklin County,,2015,Solar,,937.11
0500000US39049,Franklin County,,2016,Solar,,1045.765
0500000US39049,Franklin County,,2017,Energy Storage,,100.0
0500000US39049,Franklin County,,2017,Solar,,694.03
0500000US39049,Franklin County,,2018,Solar,,1471.54
0500000US39049,Franklin County,,2019,Energy Storage,,250.0
0500000US39049,Franklin County,,2019,Solar,,1747.26
0500000US39049,Franklin County,,2020,Energy Storage,,20.0
0500000US39049,Franklin County,,2020,Solar,,2656.595
0500000US39049,Franklin County,,2021,Energy Storage,,52.92
0500000US39049,Franklin County,,2021,Solar,,5294.718
0500000US39049,Franklin County,,2022,Energy Storage,,93.2
0500000US39049,Franklin County,,2022,Solar,,6331.55
0500000US39049,Franklin County,,2023,Energy Storage,,274.54
0500000US39049,Franklin County,,2023,Natural Gas/Propane,,3624.0
0500000US39049,Franklin County,,2023,Solar,,14666.724
0500000US39049,Franklin County,,2024,Energy Storage,,126.36
0500000US39049,Franklin County,,2024,Solar,,12695.368
0500000US39073,Hocking County,,2005,Solar,,1.65
0500000US39073,Hocking County,,2005,Wind,,8.0
0500000US39073,Hocking County,,2010,Solar,,31.4
0500000US39073,Hocking County,,2010,Wind,,2.4
0500000US39073,Hocking County,,2011,Solar,,15.1
0500000US39073,Hocking County,,2012,Solar,,9.7
0500000US39073,Hocking County,,2013,Solar,,17.6
0500000US39073,Hocking County,,2014,Solar,,12.0
0500000US39073,Hocking County,,2015,Solar,,10.0
0500000US39073,Hocking County,,2016,Solar,,10.0
0500000US39073,Hocking County,,2017,Solar,,20.9
0500000US39073,Hocking County,,2018,Solar,,54.9
0500000US39073,Hocking County,,2019,Solar,,128.9
0500000US39073,Hocking County,,2020,Solar,,52.5
0500000US39073,Hocking County,,2021,Solar,,211.73
0500000US39073,Hocking County,,2022,Solar,,47.1
0500000US39073,Hocking County,,2023,Energy Storage,,7.0
0500000US39073,Hocking County,,2023,Solar,,68.634
0500000US39073,Hocking County,,2024,Solar,,78.548
0500000US39083,Knox County,,2007,Solar,,6.0
0500000US39083,Knox County,,2011,Solar,,1.7
0500000US39083,Knox County,,2012,Solar,,1400.0
0500000US39083,Knox County,,2013,Solar,,13.2
0500000US39083,Knox County,,2014,Solar,,84.2
0500000US39083,Knox County,,2015,Solar,,40.9
0500000US39083,Knox County,,2016,Solar,,55.0
0500000US39083,Knox County,,2017,Solar,,47.6
0500000US39083,Knox County,,2018,Solar,,167.7
0500000US39083,Knox County,,2019,Solar,,170.0
0500000US39083,Knox County,,2020,Solar,,261.59999999999997
0500000US39083,Knox County,,2021,Solar,,141.21
0500000US39083,Knox County,,2022,Energy Storage,,3.84
0500000US39083,Knox County,,2022,Solar,,279.46
0500000US39083,Knox County,,2023,Energy Storage,,19.2
0500000US39083,Knox County,,2023,Solar,,394.772
0500000US39083,Knox County,,2024,Energy Storage,,15.34
0500000US39083,Knox County,,2024,Solar,,357.90999999999997
0500000US39089,Licking County,,2006,Solar,,2.5
0500000US39089,Licking County,,2008,Solar,,61.0
0500000US39089,Licking County,,2009,Solar,,3.6
0500000US39089,Licking County,,2010,Solar,,9.0
0500000US39089,Licking County,,2010,Wind,,2.4
0500000US39089,Licking County,,2011,Solar,,19.1
0500000US39089,Licking County,,2012,Solar,,52.519999999999996
0500000US39089,Licking County,,2013,Solar,,42.5
0500000US39089,Licking County,,2014,Solar,,870.4
0500000US39089,Licking County,,2015,Solar,,109.3
0500000US39089,Licking County,,2016,Solar,,33.1
0500000US39089,Licking County,,2017,Solar,,2904.2400000000002
0500000US39089,Licking County,,2018,Solar,,238.65
0500000US39089,Licking County,,2019,Solar,,455.5
0500000US39089,Licking County,,2020,Energy Storage,,15.0
0500000US39089,Licking County,,2020,Solar,,453.96
0500000US39089,Licking County,,2021,Solar,,728.008
0500000US39089,Licking County,,2022,Solar,,787.1759999999999
0500000US39089,Licking County,,2023,Energy Storage,,29.93
0500000US39089,Licking County,,2023,Natural Gas/Propane,,1180.0
0500000US39089,Licking County,,2023,Solar,,1222.323
0500000US39089,Licking County,,2024,Energy Storage,,27.68
0500000US39089,Licking County,,2024,Solar,,2373.2019999999998
0500000US39091,Logan County,,2010,Wind,,16.0
0500000US39091,Logan County,,2011,Solar,,30.0
0500000US39091,Logan County,,2012,Solar,,1.7
0500000US39091,Logan County,,2013,Solar,,9.46
0500000US39091,Logan County,,2015,Solar,,8.0
0500000US39091,Logan County,,2017,Solar,,12.0
0500000US39091,Logan County,,2018,Solar,,15.2
0500000US39091,Logan County,,2019,Solar,,66.42
0500000US39091,Logan County,,2020,Solar,,65.51
0500000US39091,Logan County,,2021,Solar,,55.48
0500000US39091,Logan County,,2022,Solar,,108.38
0500000US39091,Logan County,,2023,Solar,,139.945
0500000US39091,Logan County,,2024,Solar,,91.36
0500000US39097,Madison County,,2008,Solar,,7.0
0500000US39097,Madison County,,2008,Wind,,1.8
0500000US39097,Madison County,,2010,Solar,,77.04
0500000US39097,Madison County,,2010,Wind,,26.0
0500000US39097,Madison County,,2011,Solar,,130.39
0500000US39097,Madison County,,2012,Solar,,3129.04
0500000US39097,Madison County,,2013,Solar,,144.8
0500000US39097,Madison County,,2014,Solar,,11.0
0500000US39097,Madison County,,2015,Solar,,31.6
0500000US39097,Madison County,,2016,Solar,,163.66000000000003
0500000US39097,Madison County,,2017,Solar,,41.45
0500000US39097,Madison County,,2018,Solar,,72.8
0500000US39097,Madison County,,2019,Solar,,177.49
0500000US39097,Madison County,,2020,Solar,,161.73
0500000US39097,Madison County,,2021,Solar,,140.174
0500000US39097,Madison County,,2022,Energy Storage,,5.0
0500000US39097,Madison County,,2022,Solar,,226.31
0500000US39097,Madison County,,2023,Energy Storage,,7.6
0500000US39097,Madison County,,2023,Solar,,4271.835
0500000US39097,Madison County,,2024,Solar,,1445.53
0500000US39101,Marion County,,2009,Wind,,2.4
0500000US39101,Marion County,,2011,Solar,,51.0
0500000US39101,Marion County,,2011,Wind,,2.4
0500000US39101,Marion County,,2012,Solar,,5.9
0500000US39101,Marion County,,2014,Solar,,19.0
0500000US39101,Marion County,,2015,Solar,,31.9
0500000US39101,Marion County,,2016,Solar,,40.4
0500000US39101,Marion County,,2017,Solar,,43.9
0500000US39101,Marion County,,2017,Waste Gas,,3500.0
0500000US39101,Marion County,,2018,Solar,,42.7
0500000US39101,Marion County,,2018,Wind,,4500.0
0500000US39101,Marion County,,2019,Solar,,92.0
0500000US39101,Marion County,,2020,Solar,,41.64
0500000US39101,Marion County,,2021,Solar,,99.9
0500000US39101,Marion County,,2022,Energy Storage,,0.0
0500000US39101,Marion County,,2022,Solar,,186.98999999999998
0500000US39101,Marion County,,2023,Solar,,122.72
0500000US39101,Marion County,,2024,Solar,,141.27
0500000US39117,Morrow County,,2009,Wind,,35.4
0500000US39117,Morrow County,,2014,Solar,,511.4
0500000US39117,Morrow County,,2015,Solar,,22.6
0500000US39117,Morrow County,,2016,Solar,,29.6
0500000US39117,Morrow County,,2017,Solar,,7.6
0500000US39117,Morrow County,,2018,Solar,,42.375
0500000US39117,Morrow County,,2019,Solar,,95.82
0500000US39117,Morrow County,,2020,Solar,,66.16
0500000US39117,Morrow County,,2021,Solar,,85.71
0500000US39117,Morrow County,,2022,Energy Storage,,3.84
0500000US39117,Morrow County,,2022,Solar,,76.53999999999999
0500000US39117,Morrow County,,2023,Energy Storage,,12.68
0500000US39117,Morrow County,,2023,Solar,,75.38
0500000US39117,Morrow County,,2024,Solar,,71.42999999999999
0500000US39127,Perry County,,2013,Solar,,4.1
0500000US39127,Perry County,,2014,Solar,,9.0
0500000US39127,Perry County,,2015,Solar,,31.0
0500000US39127,Perry County,,2016,Solar,,13.8
0500000US39127,Perry County,,2018,Solar,,41.4
0500000US39127,Perry County,,2019,Solar,,63.1
0500000US39127,Perry County,,2020,Solar,,49.0
0500000US39127,Perry County,,2021,Solar,,124.23299999999999
0500000US39127,Perry County,,2022,Solar,,150.03
0500000US39127,Perry County,,2023,Solar,,27.96
0500000US39127,Perry County,,2024,Energy Storage,,7.68
0500000US39127,Perry County,,2024,Solar,,74.607
0500000US39129,Pickaway County,,2012,Solar,,4.8
0500000US39129,Pickaway County,,2013,Solar,,14.0
0500000US39129,Pickaway County,,2016,Solar,,6.0
0500000US39129,Pickaway County,,2017,Solar,,6.0
0500000US39129,Pickaway County,,2018,Natural Gas/Propane,,15036.0
0500000US39129,Pickaway County,,2018,Solar,,12.3
0500000US39129,Pickaway County,,2019,Solar,,47.099999999999994
0500000US39129,Pickaway County,,2020,Solar,,31.04
0500000US39129,Pickaway County,,2021,Energy Storage,,7.68
0500000US39129,Pickaway County,,2021,Solar,,76.445
0500000US39129,Pickaway County,,2022,Solar,,94.65
0500000US39129,Pickaway County,,2023,Energy Storage,,4.8
0500000US39129,Pickaway County,,2023,Solar,,136.77
0500000US39129,Pickaway County,,2024,Solar,,96.24600000000001
0500000US39141,Ross County,,2007,Solar,,3.0
0500000US39141,Ross County,,2011,Solar,,30.0
0500000US39141,Ross County,,2013,Biofuel,,400.0
0500000US39141,Ross County,,2013,Solar,,7.3
0500000US39141,Ross County,,2015,Solar,,62.199999999999996
0500000US39141,Ross County,,2018,Solar,,53.5
0500000US39141,Ross County,,2019,Solar,,72.86
0500000US39141,Ross County,,2020,Solar,,95.1
0500000US39141,Ross County,,2021,Solar,,179.76
0500000US39141,Ross County,,2022,Energy Storage,,11.52
0500000US39141,Ross County,,2022,Solar,,187.26
0500000US39141,Ross County,,2023,Solar,,147.91
0500000US39141,Ross County,,2024,Solar,,175.68
M100000US3971976,Shawnee Hills,,2015,Solar,,5.0
M100000US3971976,Shawnee Hills,,2024,Solar,,8.99
M100000US3972977,Somerset,,2020,Solar,,3.8
M100000US3972977,Somerset,,2022,Solar,,9.149999999999999
M100000US3973768,South Solon,,2022,Solar,,5.32
M100000US3975252,Sugar Grove,,2020,Solar,,6.0
M100000US3975602,Sunbury,,2018,Solar,,6.0
M100000US3975602,Sunbury,,2019,Solar,,5.0
M100000US3975602,Sunbury,,2020,Solar,,3.1
M100000US3975602,Sunbury,,2021,Solar,,30.02
M100000US3975602,Sunbury,,2022,Solar,,9.24
M100000US3975602,Sunbury,,2023,Solar,,59.605
M100000US3975602,Sunbury,,2024,Solar,,44.22
M100000US3976680,Thornville,,2020,Solar,,17.2
M100000US3976680,Thornville,,2021,Solar,,11.37
M100000US3976680,Thornville,,2022,Solar,,7.68
0500000US39159,Union County,,2011,Solar,,10.254999999999999
0500000US39159,Union County,,2015,Solar,,9.01
0500000US39159,Union County,,2016,Solar,,5.44
0500000US39159,Union County,,2017,Solar,,25.4
0500000US39159,Union County,,2018,Solar,,44.72
0500000US39159,Union County,,2019,Solar,,44.935
0500000US39159,Union County,,2020,Solar,,112.1
0500000US39159,Union County,,2021,Solar,,119.59
0500000US39159,Union County,,2022,Energy Storage,,0.0
0500000US39159,Union County,,2022,Solar,,245.164
0500000US39159,Union County,,2023,Solar,,283.22
0500000US39159,Union County,,2024,Solar,,216.70499999999998
M100000US3978834,Unionville Center,,2023,Solar,,6.6
M100000US3979002,Upper Arlington,,2009,Solar,,34.5
M100000US3979002,Upper Arlington,,2011,Solar,,14.9
M100000US3979002,Upper Arlington,,2013,Solar,,6.9
M100000US3979002,Upper Arlington,,2014,Solar,,5.0
M100000US3979002,Upper Arlington,,2015,Solar,,9.1
M100000US3979002,Upper Arlington,,2016,Solar,,37.0
M100000US3979002,Upper Arlington,,2017,Solar,,26.4
M100000US3979002,Upper Arlington,,2018,Solar,,77.2
M100000US3979002,Upper Arlington,,2019,Solar,,151.5
M100000US3979002,Upper Arlington,,2020,Solar,,129.9
M100000US3979002,Upper Arlington,,2021,Solar,,210.049
M100000US3979002,Upper Arlington,,2022,Energy Storage,,11.52
M100000US3979002,Upper Arlington,,2022,Solar,,275.03999999999996
M100000US3979002,Upper Arlington,,2023,Energy Storage,,30.36
M100000US3979002,Upper Arlington,,2023,Solar,,374.865
M100000US3979002,Upper Arlington,,2024,Energy Storage,,24.2
M100000US3979002,Upper Arlington,,2024,Solar,,667.21
M100000US3979100,Urbancrest,,2010,Solar,,5.0
M100000US3979100,Urbancrest,,2019,Solar,,7.6
M100000US3979100,Urbancrest,,2020,Solar,,5.0
M100000US3979100,Urbancrest,,2022,Solar,,2.61
M100000US3979100,Urbancrest,,2024,Solar,,22.0
M100000US3979114,Utica,,2018,Solar,,3.0
M100000US3979114,Utica,,2021,Solar,,8.41
M100000US3979114,Utica,,2022,Solar,,6.8
M100000US3979114,Utica,,2023,Energy Storage,,3.84
M100000US3979114,Utica,,2023,Solar,,22.72
M100000US3979282,Valleyview,,2019,Solar,,3.6
M100000US3979282,Valleyview,,2021,Solar,,3.0
M100000US3979282,Valleyview,,2024,Solar,,8.6
M100000US3980500,Waldo,,2012,Solar,,5.9
M100000US3981718,Washington Court House,,2009,Solar,,7.05
M100000US3981718,Washington Court House,,2011,Solar,,290.0
M100000US3981718,Washington Court House,,2012,Solar,,40.0
M100000US3981718,Washington Court House,,2015,Solar,,16.095
M100000US3981718,Washington Court House,,2018,Solar,,13.54
M100000US3981718,Washington Court House,,2019,Solar,,29.035
M100000US3981718,Washington Court House,,2020,Solar,,3.84
M100000US3981718,Washington Court House,,2021,Solar,,33.34
M100000US3981718,Washington Court House,,2022,Solar,,26.61
M100000US3981718,Washington Court House,,2023,Solar,,32.41
M100000US3981718,Washington Court House,,2024,Solar,,60.02
M100000US3983580,West Jefferson,,2012,Solar,,1050.0
M100000US3983580,West Jefferson,,2013,Solar,,25.9
M100000US3983580,West Jefferson,,2015,Solar,,7.6
M100000US3983580,West Jefferson,,2020,Solar,,7.7
M100000US3983580,West Jefferson,,2021,Solar,,6.38
M100000US3983580,West Jefferson,,2022,Solar,,14.64
M100000US3983580,West Jefferson,,2023,Solar,,3975.0
M100000US3983580,West Jefferson,,2024,Solar,,24.85
M100000US3983734,West Liberty,,2019,Solar,,11.4
M100000US3983734,West Liberty,,2021,Solar,,3.8
M100000US3983734,West Liberty,,2023,Solar,,4.4
M100000US3983818,West Mansfield,,2019,Solar,,5.0
M100000US3983818,West Mansfield,,2021,Solar,,6.93
M100000US3983818,West Mansfield,,2023,Solar,,15.600000000000001
M100000US3984742,Whitehall,,2011,Solar,,40.0
M100000US3984742,Whitehall,,2014,Solar,,4.8
M100000US3984742,Whitehall,,2016,Solar,,7.0
M100000US3984742,Whitehall,,2018,Solar,,180.1
M100000US3984742,Whitehall,,2020,Solar,,30.299999999999997
M100000US3984742,Whitehall,,2021,Solar,,36.17
M100000US3984742,Whitehall,,2022,Solar,,85.85
M100000US3984742,Whitehall,,2023,Energy Storage,,5.0
M100000US3984742,Whitehall,,2023,Solar,,71.39999999999999
M100000US3984742,Whitehall,,2024,Solar,,260.59
M100000US3986604,Worthington,,2010,Solar,,75.30000000000001
M100000US3986604,Worthington,,2012,Solar,,5.58
M100000US3986604,Worthington,,2013,Solar,,5.8
M100000US3986604,Worthington,,2014,Solar,,13.0
M100000US3986604,Worthington,,2015,Solar,,12.3
M100000US3986604,Worthington,,2016,Solar,,33.45
M100000US3986604,Worthington,,2017,Solar,,67.5
M100000US3986604,Worthington,,2018,Solar,,31.9
M100000US3986604,Worthington,,2019,Solar,,53.3
M100000US3986604,Worthington,,2020,Solar,,52.8
M100000US3986604,Worthington,,2021,Solar,,106.024
M100000US3986604,Worthington,,2022,Solar,,310.33
M100000US3986604,Worthington,,2023,Energy Storage,,3.84
M100000US3986604,Worthington,,2023,Solar,,333.34000000000003
M100000US3986604,Worthington,,2024,Solar,,61.982
